id,title,slug,canonical_url,language,kind,is_editorial,body,category,category_url,addon,addon_url,reply_count,created_at,updated_at,last_activity_at,translations,replies
"119","Doppelte Zeilen nach dem Hinzufügen von Bulgarian Subtitles reduzieren","doppelte-zeilen-nach-dem-hinzufugen-von-bulgarian-subtitles-reduzieren","https://addons-stremio.com/forum/de/thread/119-doppelte-zeilen-nach-dem-hinzufugen-von-bulgarian-subtitles-reduzieren","de","question","true","Redaktioneller Hinweis: Dieser Leitfaden stammt vom addons-stremio.com Community Team, nicht von einem unabhängigen Nutzer oder dem Addon-Entwickler.

Doppelte Zeilen nach dem Hinzufügen von Bulgarian Subtitles reduzieren

Doppelte Zeilen stammen meist aus zwei Manifestvarianten. Bestimme vor dem Entfernen, welche bleiben soll.

Geprüfter Verzeichnisstand
- Version: 1.1.7
- Verzeichnisstatus: ONLINE
- Deklarierte Medientypen: movie, series
- Kategorien: movies, tv-shows, subtitles
- Deklarierte Sprachen: multi
- Manifest-Ressourcen: subtitles
- Katalogeinträge: 0
- Konfigurationsseite: nicht angegeben

Praktisches Vorgehen
1. Nutze die Konfiguration nur, wenn sie angegeben ist, und schließe die Auswahl vor der Installation ab.
2. Prüfe den Bereich der deklarierten Ressource; nicht jedes Addon erzeugt eine Katalogzeile.

Das Manifest von Bulgarian Subtitles stellt derzeit subtitles bereit; die Konfiguration ist nicht angegeben. Diese Angaben bestimmen Installationsweg und richtigen Bereich der Oberfläche. Sie garantieren kein Ergebnis für jeden Titel, jede Region oder jeden Anbieter.

Die Seite verwendet das gespeicherte Manifest und die Verzeichnisüberwachung. Unterstützung, Geschwindigkeit, Verfügbarkeit oder legaler Zugriff werden nicht erfunden; Daten können sich ändern.","Subtitles","https://addons-stremio.com/forum/de/category/subtitrari","Bulgarian Subtitles","https://addons-stremio.com/addon/bg-subs-one-place","3","2026-08-28T17:24:12.826Z","2026-08-28T17:38:02.208Z","2026-08-28T17:37:56.208Z","","2026-08-28T17:24:12.830Z: Erstelle für Bulgarian Subtitles eine reproduzierbare Ausgangslage. Notiere Version 1.1.7 und Ressourcen subtitles, ohne Einstellungen zu löschen. Starte Stremio neu und teste einen passenden Titel. Halte fest, ob Katalog, Metadaten, Untertitel oder abspielbare Quelle fehlen; das sind unterschiedliche Fehlerbilder.

2026-08-28T17:24:12.833Z: Bulgarian Subtitles deklariert die Typen movie, series und 0 Katalogeinträge. Die Konfiguration ist nicht angegeben. Ohne deklarierten Katalog ist eine neue Startzeile kein sinnvoller Test. Falls Konfiguration vorhanden ist, prüfe eine Variante im selben Konto, bevor weitere installiert werden.

2026-08-28T17:24:12.834Z: Für die weitere Diagnose von Bulgarian Subtitles gehören Gerät, Stremio-Version, Addon-Version, ein Inhaltsbeispiel und die beobachtete Ressource in den Bericht. Der Verzeichnisstatus lautet ONLINE, die Sprachen sind multi; beides garantiert keine vollständige Abdeckung. Veröffentliche keine Token, Debrid-Schlüssel, Passwörter oder personalisierten Manifest-URLs."
"122","Datenschutzprüfung vor der Eingabe von Zugangsdaten bei AI Streams v2","datenschutzprufung-vor-der-eingabe-von-zugangsdaten-bei-ai-streams-v2","https://addons-stremio.com/forum/de/thread/122-datenschutzprufung-vor-der-eingabe-von-zugangsdaten-bei-ai-streams-v2","de","question","true","Redaktioneller Hinweis: Dieser Leitfaden stammt vom addons-stremio.com Community Team, nicht von einem unabhängigen Nutzer oder dem Addon-Entwickler.

Datenschutzprüfung vor der Eingabe von Zugangsdaten bei AI Streams v2

Die Konfigurationsseite liegt außerhalb des Verzeichnisses. Prüfe Domain und angeforderte Daten sorgfältig.

Geprüfter Verzeichnisstand
- Version: 0.3.0-5a05f8e7
- Verzeichnisstatus: ONLINE
- Deklarierte Medientypen: movie, series
- Kategorien: movies, tv-shows, anime, documentaries, kids, metadata, tools
- Deklarierte Sprachen: multi
- Manifest-Ressourcen: catalog, meta
- Katalogeinträge: 97
- Konfigurationsseite: verfügbar

Praktisches Vorgehen
1. Teste einen bekannten Film oder eine Serie, notiere das Ergebnis und ändere jeweils nur eine Einstellung.
2. Nutze die Konfiguration nur, wenn sie angegeben ist, und schließe die Auswahl vor der Installation ab.

Das Manifest von AI Streams v2 stellt derzeit catalog, meta bereit; die Konfiguration ist verfügbar. Diese Angaben bestimmen Installationsweg und richtigen Bereich der Oberfläche. Sie garantieren kein Ergebnis für jeden Titel, jede Region oder jeden Anbieter.

Die Seite verwendet das gespeicherte Manifest und die Verzeichnisüberwachung. Unterstützung, Geschwindigkeit, Verfügbarkeit oder legaler Zugriff werden nicht erfunden; Daten können sich ändern.","Issues & Troubleshooting","https://addons-stremio.com/forum/de/category/probleme","AI Streams v2","https://addons-stremio.com/addon/ai-streams-v2","3","2026-08-28T17:24:12.883Z","2026-08-28T17:30:46.074Z","2026-08-28T17:24:12.881Z","","2026-08-28T17:24:12.886Z: Erstelle für AI Streams v2 eine reproduzierbare Ausgangslage. Notiere Version 0.3.0-5a05f8e7 und Ressourcen catalog, meta, ohne Einstellungen zu löschen. Starte Stremio neu und teste einen passenden Titel. Halte fest, ob Katalog, Metadaten, Untertitel oder abspielbare Quelle fehlen; das sind unterschiedliche Fehlerbilder.

2026-08-28T17:24:12.888Z: AI Streams v2 deklariert die Typen movie, series und 97 Katalogeinträge. Die Konfiguration ist verfügbar. Ohne deklarierten Katalog ist eine neue Startzeile kein sinnvoller Test. Falls Konfiguration vorhanden ist, prüfe eine Variante im selben Konto, bevor weitere installiert werden.

2026-08-28T17:24:12.891Z: Für die weitere Diagnose von AI Streams v2 gehören Gerät, Stremio-Version, Addon-Version, ein Inhaltsbeispiel und die beobachtete Ressource in den Bericht. Der Verzeichnisstatus lautet ONLINE, die Sprachen sind multi; beides garantiert keine vollständige Abdeckung. Veröffentliche keine Token, Debrid-Schlüssel, Passwörter oder personalisierten Manifest-URLs."
"121","WatchHub nach einem Stremio-Cache- oder Synchronisierungsproblem wiederherstellen","watchhub-nach-einem-stremio-cache-oder-synchronisierungsproblem-wiederherstellen","https://addons-stremio.com/forum/de/thread/121-watchhub-nach-einem-stremio-cache-oder-synchronisierungsproblem-wiederherstellen","de","question","true","Redaktioneller Hinweis: Dieser Leitfaden stammt vom addons-stremio.com Community Team, nicht von einem unabhängigen Nutzer oder dem Addon-Entwickler.

WatchHub nach einem Stremio-Cache- oder Synchronisierungsproblem wiederherstellen

Cache-Symptome werden mit Synchronisierung und Neustart geprüft, nicht mit wiederholten Neuinstallationen.

Geprüfter Verzeichnisstand
- Version: 1.15.0
- Verzeichnisstatus: ONLINE
- Deklarierte Medientypen: movie, series
- Kategorien: movies, tv-shows
- Deklarierte Sprachen: multi
- Manifest-Ressourcen: stream
- Katalogeinträge: 0
- Konfigurationsseite: nicht angegeben

Praktisches Vorgehen
1. Prüfe den Bereich der deklarierten Ressource; nicht jedes Addon erzeugt eine Katalogzeile.
2. Öffne die Addon-Seite und vergleiche aktuelle Version und Ressourcen mit den folgenden Daten.

Das Manifest von WatchHub stellt derzeit stream bereit; die Konfiguration ist nicht angegeben. Diese Angaben bestimmen Installationsweg und richtigen Bereich der Oberfläche. Sie garantieren kein Ergebnis für jeden Titel, jede Region oder jeden Anbieter.

Die Seite verwendet das gespeicherte Manifest und die Verzeichnisüberwachung. Unterstützung, Geschwindigkeit, Verfügbarkeit oder legaler Zugriff werden nicht erfunden; Daten können sich ändern.","General","https://addons-stremio.com/forum/de/category/general","WatchHub","https://addons-stremio.com/addon/watchhub","3","2026-08-28T17:24:12.863Z","2026-08-28T17:30:46.474Z","2026-08-28T17:24:12.862Z","","2026-08-28T17:24:12.869Z: Erstelle für WatchHub eine reproduzierbare Ausgangslage. Notiere Version 1.15.0 und Ressourcen stream, ohne Einstellungen zu löschen. Starte Stremio neu und teste einen passenden Titel. Halte fest, ob Katalog, Metadaten, Untertitel oder abspielbare Quelle fehlen; das sind unterschiedliche Fehlerbilder.

2026-08-28T17:24:12.871Z: WatchHub deklariert die Typen movie, series und 0 Katalogeinträge. Die Konfiguration ist nicht angegeben. Ohne deklarierten Katalog ist eine neue Startzeile kein sinnvoller Test. Falls Konfiguration vorhanden ist, prüfe eine Variante im selben Konto, bevor weitere installiert werden.

2026-08-28T17:24:12.874Z: Für die weitere Diagnose von WatchHub gehören Gerät, Stremio-Version, Addon-Version, ein Inhaltsbeispiel und die beobachtete Ressource in den Bericht. Der Verzeichnisstatus lautet ONLINE, die Sprachen sind multi; beides garantiert keine vollständige Abdeckung. Veröffentliche keine Token, Debrid-Schlüssel, Passwörter oder personalisierten Manifest-URLs."
"120","Liefert AudioBookBay Filme, Serien, Live-TV oder nur unterstützende Daten?","liefert-audiobookbay-filme-serien-live-tv-oder-nur-unterstutzende-daten","https://addons-stremio.com/forum/de/thread/120-liefert-audiobookbay-filme-serien-live-tv-oder-nur-unterstutzende-daten","de","discussion","true","Redaktioneller Hinweis: Dieser Leitfaden stammt vom addons-stremio.com Community Team, nicht von einem unabhängigen Nutzer oder dem Addon-Entwickler.

Liefert AudioBookBay Filme, Serien, Live-TV oder nur unterstützende Daten?

Typen beschreiben unterstützte Medien; Ressourcen zeigen, was das Addon dafür tatsächlich liefert.

Geprüfter Verzeichnisstand
- Version: 0.1.2
- Verzeichnisstatus: ONLINE
- Deklarierte Medientypen: audiobook, series
- Kategorien: tv-shows, sports, radio, metadata
- Deklarierte Sprachen: multi
- Manifest-Ressourcen: catalog, meta, stream
- Katalogeinträge: 1
- Konfigurationsseite: nicht angegeben

Praktisches Vorgehen
1. Installiere im Stremio-Konto des Zielgeräts und starte beziehungsweise aktualisiere danach den Client.
2. Teste einen bekannten Film oder eine Serie, notiere das Ergebnis und ändere jeweils nur eine Einstellung.

Das Manifest von AudioBookBay stellt derzeit catalog, meta, stream bereit; die Konfiguration ist nicht angegeben. Diese Angaben bestimmen Installationsweg und richtigen Bereich der Oberfläche. Sie garantieren kein Ergebnis für jeden Titel, jede Region oder jeden Anbieter.

Die Seite verwendet das gespeicherte Manifest und die Verzeichnisüberwachung. Unterstützung, Geschwindigkeit, Verfügbarkeit oder legaler Zugriff werden nicht erfunden; Daten können sich ändern.","Live TV","https://addons-stremio.com/forum/de/category/live-tv","AudioBookBay","https://addons-stremio.com/addon/audiobookbay","3","2026-08-28T17:24:12.843Z","2026-08-28T17:33:44.727Z","2026-08-28T17:24:12.841Z","","2026-08-28T17:24:12.847Z: Erstelle für AudioBookBay eine reproduzierbare Ausgangslage. Notiere Version 0.1.2 und Ressourcen catalog, meta, stream, ohne Einstellungen zu löschen. Starte Stremio neu und teste einen passenden Titel. Halte fest, ob Katalog, Metadaten, Untertitel oder abspielbare Quelle fehlen; das sind unterschiedliche Fehlerbilder.

2026-08-28T17:24:12.849Z: AudioBookBay deklariert die Typen audiobook, series und 1 Katalogeinträge. Die Konfiguration ist nicht angegeben. Ohne deklarierten Katalog ist eine neue Startzeile kein sinnvoller Test. Falls Konfiguration vorhanden ist, prüfe eine Variante im selben Konto, bevor weitere installiert werden.

2026-08-28T17:24:12.852Z: Für die weitere Diagnose von AudioBookBay gehören Gerät, Stremio-Version, Addon-Version, ein Inhaltsbeispiel und die beobachtete Ressource in den Bericht. Der Verzeichnisstatus lautet ONLINE, die Sprachen sind multi; beides garantiert keine vollständige Abdeckung. Veröffentliche keine Token, Debrid-Schlüssel, Passwörter oder personalisierten Manifest-URLs."
"118","Das Verhalten von Indian Regional Catalog auf Desktop und Fernseher vergleichen","das-verhalten-von-indian-regional-catalog-auf-desktop-und-fernseher-vergleichen","https://addons-stremio.com/forum/de/thread/118-das-verhalten-von-indian-regional-catalog-auf-desktop-und-fernseher-vergleichen","de","discussion","true","Redaktioneller Hinweis: Dieser Leitfaden stammt vom addons-stremio.com Community Team, nicht von einem unabhängigen Nutzer oder dem Addon-Entwickler.

Das Verhalten von Indian Regional Catalog auf Desktop und Fernseher vergleichen

Desktop und TV können unterschiedliche Caches besitzen. Vergleiche im selben Konto nach einer Aktualisierung.

Geprüfter Verzeichnisstand
- Version: 1.0.6
- Verzeichnisstatus: ONLINE
- Deklarierte Medientypen: movie, series
- Kategorien: movies, tv-shows, metadata
- Deklarierte Sprachen: hi
- Manifest-Ressourcen: stream, catalog, meta
- Katalogeinträge: 20
- Konfigurationsseite: verfügbar

Praktisches Vorgehen
1. Öffne die Addon-Seite und vergleiche aktuelle Version und Ressourcen mit den folgenden Daten.
2. Installiere im Stremio-Konto des Zielgeräts und starte beziehungsweise aktualisiere danach den Client.

Das Manifest von Indian Regional Catalog stellt derzeit stream, catalog, meta bereit; die Konfiguration ist verfügbar. Diese Angaben bestimmen Installationsweg und richtigen Bereich der Oberfläche. Sie garantieren kein Ergebnis für jeden Titel, jede Region oder jeden Anbieter.

Die Seite verwendet das gespeicherte Manifest und die Verzeichnisüberwachung. Unterstützung, Geschwindigkeit, Verfügbarkeit oder legaler Zugriff werden nicht erfunden; Daten können sich ändern.","General","https://addons-stremio.com/forum/de/category/general","Indian Regional Catalog","https://addons-stremio.com/addon/indian-regional-catalog","3","2026-08-28T17:24:12.807Z","2026-08-28T17:24:12.807Z","2026-08-28T17:24:12.806Z","","2026-08-28T17:24:12.812Z: Erstelle für Indian Regional Catalog eine reproduzierbare Ausgangslage. Notiere Version 1.0.6 und Ressourcen stream, catalog, meta, ohne Einstellungen zu löschen. Starte Stremio neu und teste einen passenden Titel. Halte fest, ob Katalog, Metadaten, Untertitel oder abspielbare Quelle fehlen; das sind unterschiedliche Fehlerbilder.

2026-08-28T17:24:12.814Z: Indian Regional Catalog deklariert die Typen movie, series und 20 Katalogeinträge. Die Konfiguration ist verfügbar. Ohne deklarierten Katalog ist eine neue Startzeile kein sinnvoller Test. Falls Konfiguration vorhanden ist, prüfe eine Variante im selben Konto, bevor weitere installiert werden.

2026-08-28T17:24:12.815Z: Für die weitere Diagnose von Indian Regional Catalog gehören Gerät, Stremio-Version, Addon-Version, ein Inhaltsbeispiel und die beobachtete Ressource in den Bericht. Der Verzeichnisstatus lautet ONLINE, die Sprachen sind hi; beides garantiert keine vollständige Abdeckung. Veröffentliche keine Token, Debrid-Schlüssel, Passwörter oder personalisierten Manifest-URLs."
"117","Welche Angaben vor einer Problemmeldung zu MDBList benötigt werden","welche-angaben-vor-einer-problemmeldung-zu-mdblist-benotigt-werden","https://addons-stremio.com/forum/de/thread/117-welche-angaben-vor-einer-problemmeldung-zu-mdblist-benotigt-werden","de","question","true","Redaktioneller Hinweis: Dieser Leitfaden stammt vom addons-stremio.com Community Team, nicht von einem unabhängigen Nutzer oder dem Addon-Entwickler.

Welche Angaben vor einer Problemmeldung zu MDBList benötigt werden

Eine hilfreiche Meldung enthält Version, Gerät, Kennung, erwartete Ressource und den genauen fehlerhaften Schritt.

Geprüfter Verzeichnisstand
- Version: 0.2.2
- Verzeichnisstatus: ONLINE
- Deklarierte Medientypen: movie, series
- Kategorien: movies, tv-shows, metadata
- Deklarierte Sprachen: multi
- Manifest-Ressourcen: catalog
- Katalogeinträge: 0
- Konfigurationsseite: verfügbar

Praktisches Vorgehen
1. Teste einen bekannten Film oder eine Serie, notiere das Ergebnis und ändere jeweils nur eine Einstellung.
2. Nutze die Konfiguration nur, wenn sie angegeben ist, und schließe die Auswahl vor der Installation ab.

Das Manifest von MDBList stellt derzeit catalog bereit; die Konfiguration ist verfügbar. Diese Angaben bestimmen Installationsweg und richtigen Bereich der Oberfläche. Sie garantieren kein Ergebnis für jeden Titel, jede Region oder jeden Anbieter.

Die Seite verwendet das gespeicherte Manifest und die Verzeichnisüberwachung. Unterstützung, Geschwindigkeit, Verfügbarkeit oder legaler Zugriff werden nicht erfunden; Daten können sich ändern.","Issues & Troubleshooting","https://addons-stremio.com/forum/de/category/probleme","MDBList","https://addons-stremio.com/addon/mdblist","3","2026-08-28T17:24:12.792Z","2026-08-28T17:24:12.801Z","2026-08-28T17:24:12.790Z","","2026-08-28T17:24:12.797Z: Erstelle für MDBList eine reproduzierbare Ausgangslage. Notiere Version 0.2.2 und Ressourcen catalog, ohne Einstellungen zu löschen. Starte Stremio neu und teste einen passenden Titel. Halte fest, ob Katalog, Metadaten, Untertitel oder abspielbare Quelle fehlen; das sind unterschiedliche Fehlerbilder.

2026-08-28T17:24:12.798Z: MDBList deklariert die Typen movie, series und 0 Katalogeinträge. Die Konfiguration ist verfügbar. Ohne deklarierten Katalog ist eine neue Startzeile kein sinnvoller Test. Falls Konfiguration vorhanden ist, prüfe eine Variante im selben Konto, bevor weitere installiert werden.

2026-08-28T17:24:12.800Z: Für die weitere Diagnose von MDBList gehören Gerät, Stremio-Version, Addon-Version, ein Inhaltsbeispiel und die beobachtete Ressource in den Bericht. Der Verzeichnisstatus lautet ONLINE, die Sprachen sind multi; beides garantiert keine vollständige Abdeckung. Veröffentliche keine Token, Debrid-Schlüssel, Passwörter oder personalisierten Manifest-URLs."
"116","Das Manifest von Mubi Catalog prüfen, ohne sofort einen Ausfall anzunehmen","das-manifest-von-mubi-catalog-prufen-ohne-sofort-einen-ausfall-anzunehmen","https://addons-stremio.com/forum/de/thread/116-das-manifest-von-mubi-catalog-prufen-ohne-sofort-einen-ausfall-anzunehmen","de","question","true","Redaktioneller Hinweis: Dieser Leitfaden stammt vom addons-stremio.com Community Team, nicht von einem unabhängigen Nutzer oder dem Addon-Entwickler.

Das Manifest von Mubi Catalog prüfen, ohne sofort einen Ausfall anzunehmen

Ein erreichbares Manifest und eine abspielbare Quelle sind verschiedene Tests. Der Verzeichnisstatus ist die letzte Messung.

Geprüfter Verzeichnisstand
- Version: 1.1.1
- Verzeichnisstatus: ONLINE
- Deklarierte Medientypen: movie
- Kategorien: movies, metadata
- Deklarierte Sprachen: multi
- Manifest-Ressourcen: catalog
- Katalogeinträge: 2
- Konfigurationsseite: nicht angegeben

Praktisches Vorgehen
1. Prüfe den Bereich der deklarierten Ressource; nicht jedes Addon erzeugt eine Katalogzeile.
2. Öffne die Addon-Seite und vergleiche aktuelle Version und Ressourcen mit den folgenden Daten.

Das Manifest von Mubi Catalog stellt derzeit catalog bereit; die Konfiguration ist nicht angegeben. Diese Angaben bestimmen Installationsweg und richtigen Bereich der Oberfläche. Sie garantieren kein Ergebnis für jeden Titel, jede Region oder jeden Anbieter.

Die Seite verwendet das gespeicherte Manifest und die Verzeichnisüberwachung. Unterstützung, Geschwindigkeit, Verfügbarkeit oder legaler Zugriff werden nicht erfunden; Daten können sich ändern.","Issues & Troubleshooting","https://addons-stremio.com/forum/de/category/probleme","Mubi Catalog","https://addons-stremio.com/addon/mubi-catalog","3","2026-08-28T17:24:12.773Z","2026-08-28T17:24:12.783Z","2026-08-28T17:24:12.770Z","","2026-08-28T17:24:12.776Z: Erstelle für Mubi Catalog eine reproduzierbare Ausgangslage. Notiere Version 1.1.1 und Ressourcen catalog, ohne Einstellungen zu löschen. Starte Stremio neu und teste einen passenden Titel. Halte fest, ob Katalog, Metadaten, Untertitel oder abspielbare Quelle fehlen; das sind unterschiedliche Fehlerbilder.

2026-08-28T17:24:12.778Z: Mubi Catalog deklariert die Typen movie und 2 Katalogeinträge. Die Konfiguration ist nicht angegeben. Ohne deklarierten Katalog ist eine neue Startzeile kein sinnvoller Test. Falls Konfiguration vorhanden ist, prüfe eine Variante im selben Konto, bevor weitere installiert werden.

2026-08-28T17:24:12.782Z: Für die weitere Diagnose von Mubi Catalog gehören Gerät, Stremio-Version, Addon-Version, ein Inhaltsbeispiel und die beobachtete Ressource in den Bericht. Der Verzeichnisstatus lautet ONLINE, die Sprachen sind multi; beides garantiert keine vollständige Abdeckung. Veröffentliche keine Token, Debrid-Schlüssel, Passwörter oder personalisierten Manifest-URLs."
"115","Warum Magneto bei einem Titel funktioniert und bei einem anderen nicht","warum-magneto-bei-einem-titel-funktioniert-und-bei-einem-anderen-nicht","https://addons-stremio.com/forum/de/thread/115-warum-magneto-bei-einem-titel-funktioniert-und-bei-einem-anderen-nicht","de","question","true","Redaktioneller Hinweis: Dieser Leitfaden stammt vom addons-stremio.com Community Team, nicht von einem unabhängigen Nutzer oder dem Addon-Entwickler.

Warum Magneto bei einem Titel funktioniert und bei einem anderen nicht

Unterschiede pro Titel hängen oft an Kennungen und Typen. Zwei Beispiele trennen Ausfall und Abdeckungslücke.

Geprüfter Verzeichnisstand
- Version: 0.0.2
- Verzeichnisstatus: ONLINE
- Deklarierte Medientypen: movie, series
- Kategorien: movies, tv-shows
- Deklarierte Sprachen: pt
- Manifest-Ressourcen: stream
- Katalogeinträge: 0
- Konfigurationsseite: verfügbar

Praktisches Vorgehen
1. Installiere im Stremio-Konto des Zielgeräts und starte beziehungsweise aktualisiere danach den Client.
2. Teste einen bekannten Film oder eine Serie, notiere das Ergebnis und ändere jeweils nur eine Einstellung.

Das Manifest von Magneto stellt derzeit stream bereit; die Konfiguration ist verfügbar. Diese Angaben bestimmen Installationsweg und richtigen Bereich der Oberfläche. Sie garantieren kein Ergebnis für jeden Titel, jede Region oder jeden Anbieter.

Die Seite verwendet das gespeicherte Manifest und die Verzeichnisüberwachung. Unterstützung, Geschwindigkeit, Verfügbarkeit oder legaler Zugriff werden nicht erfunden; Daten können sich ändern.","Recommendations","https://addons-stremio.com/forum/de/category/recomandari","Magneto","https://addons-stremio.com/addon/magneto","3","2026-08-28T17:24:12.754Z","2026-08-28T17:24:12.767Z","2026-08-28T17:24:12.753Z","","2026-08-28T17:24:12.762Z: Erstelle für Magneto eine reproduzierbare Ausgangslage. Notiere Version 0.0.2 und Ressourcen stream, ohne Einstellungen zu löschen. Starte Stremio neu und teste einen passenden Titel. Halte fest, ob Katalog, Metadaten, Untertitel oder abspielbare Quelle fehlen; das sind unterschiedliche Fehlerbilder.

2026-08-28T17:24:12.765Z: Magneto deklariert die Typen movie, series und 0 Katalogeinträge. Die Konfiguration ist verfügbar. Ohne deklarierten Katalog ist eine neue Startzeile kein sinnvoller Test. Falls Konfiguration vorhanden ist, prüfe eine Variante im selben Konto, bevor weitere installiert werden.

2026-08-28T17:24:12.766Z: Für die weitere Diagnose von Magneto gehören Gerät, Stremio-Version, Addon-Version, ein Inhaltsbeispiel und die beobachtete Ressource in den Bericht. Der Verzeichnisstatus lautet ONLINE, die Sprachen sind pt; beides garantiert keine vollständige Abdeckung. Veröffentliche keine Token, Debrid-Schlüssel, Passwörter oder personalisierten Manifest-URLs."
"114","Sprach- und Regionsprobleme in den Ergebnissen von Flix-Streams Free prüfen","sprach-und-regionsprobleme-in-den-ergebnissen-von-flix-streams-free-prufen","https://addons-stremio.com/forum/de/thread/114-sprach-und-regionsprobleme-in-den-ergebnissen-von-flix-streams-free-prufen","de","question","true","Redaktioneller Hinweis: Dieser Leitfaden stammt vom addons-stremio.com Community Team, nicht von einem unabhängigen Nutzer oder dem Addon-Entwickler.

Sprach- und Regionsprobleme in den Ergebnissen von Flix-Streams Free prüfen

Deklarierte Sprachen beschreiben Abdeckung, garantieren aber nicht dieselben Optionen für jeden Titel.

Geprüfter Verzeichnisstand
- Version: 1.0.0
- Verzeichnisstatus: ONLINE
- Deklarierte Medientypen: movie, series, tv
- Kategorien: movies, tv-shows, sports, live-tv, metadata
- Deklarierte Sprachen: multi
- Manifest-Ressourcen: stream, catalog, meta
- Katalogeinträge: 2
- Konfigurationsseite: verfügbar

Praktisches Vorgehen
1. Nutze die Konfiguration nur, wenn sie angegeben ist, und schließe die Auswahl vor der Installation ab.
2. Prüfe den Bereich der deklarierten Ressource; nicht jedes Addon erzeugt eine Katalogzeile.

Das Manifest von Flix-Streams Free stellt derzeit stream, catalog, meta bereit; die Konfiguration ist verfügbar. Diese Angaben bestimmen Installationsweg und richtigen Bereich der Oberfläche. Sie garantieren kein Ergebnis für jeden Titel, jede Region oder jeden Anbieter.

Die Seite verwendet das gespeicherte Manifest und die Verzeichnisüberwachung. Unterstützung, Geschwindigkeit, Verfügbarkeit oder legaler Zugriff werden nicht erfunden; Daten können sich ändern.","Issues & Troubleshooting","https://addons-stremio.com/forum/de/category/probleme","Flix-Streams Free","https://addons-stremio.com/addon/flix-streams-free","3","2026-08-28T17:24:12.734Z","2026-08-28T17:24:12.746Z","2026-08-28T17:24:12.733Z","","2026-08-28T17:24:12.742Z: Erstelle für Flix-Streams Free eine reproduzierbare Ausgangslage. Notiere Version 1.0.0 und Ressourcen stream, catalog, meta, ohne Einstellungen zu löschen. Starte Stremio neu und teste einen passenden Titel. Halte fest, ob Katalog, Metadaten, Untertitel oder abspielbare Quelle fehlen; das sind unterschiedliche Fehlerbilder.

2026-08-28T17:24:12.743Z: Flix-Streams Free deklariert die Typen movie, series, tv und 2 Katalogeinträge. Die Konfiguration ist verfügbar. Ohne deklarierten Katalog ist eine neue Startzeile kein sinnvoller Test. Falls Konfiguration vorhanden ist, prüfe eine Variante im selben Konto, bevor weitere installiert werden.

2026-08-28T17:24:12.745Z: Für die weitere Diagnose von Flix-Streams Free gehören Gerät, Stremio-Version, Addon-Version, ein Inhaltsbeispiel und die beobachtete Ressource in den Bericht. Der Verzeichnisstatus lautet ONLINE, die Sprachen sind multi; beides garantiert keine vollständige Abdeckung. Veröffentliche keine Token, Debrid-Schlüssel, Passwörter oder personalisierten Manifest-URLs."
"113","Muss MediaLib vor der Installation konfiguriert werden?","muss-medialib-vor-der-installation-konfiguriert-werden","https://addons-stremio.com/forum/de/thread/113-muss-medialib-vor-der-installation-konfiguriert-werden","de","discussion","true","Redaktioneller Hinweis: Dieser Leitfaden stammt vom addons-stremio.com Community Team, nicht von einem unabhängigen Nutzer oder dem Addon-Entwickler.

Muss MediaLib vor der Installation konfiguriert werden?

Eine Konfigurations-URL ist ein überprüfbares Signal. Ohne sie sollten keine Anbieteroptionen erfunden werden.

Geprüfter Verzeichnisstand
- Version: 0.2.0
- Verzeichnisstatus: ONLINE
- Deklarierte Medientypen: movie, series
- Kategorien: movies, tv-shows, anime, subtitles, metadata
- Deklarierte Sprachen: multi
- Manifest-Ressourcen: catalog, meta, subtitles
- Katalogeinträge: 3
- Konfigurationsseite: nicht angegeben

Praktisches Vorgehen
1. Öffne die Addon-Seite und vergleiche aktuelle Version und Ressourcen mit den folgenden Daten.
2. Installiere im Stremio-Konto des Zielgeräts und starte beziehungsweise aktualisiere danach den Client.

Das Manifest von MediaLib stellt derzeit catalog, meta, subtitles bereit; die Konfiguration ist nicht angegeben. Diese Angaben bestimmen Installationsweg und richtigen Bereich der Oberfläche. Sie garantieren kein Ergebnis für jeden Titel, jede Region oder jeden Anbieter.

Die Seite verwendet das gespeicherte Manifest und die Verzeichnisüberwachung. Unterstützung, Geschwindigkeit, Verfügbarkeit oder legaler Zugriff werden nicht erfunden; Daten können sich ändern.","Subtitles","https://addons-stremio.com/forum/de/category/subtitrari","MediaLib","https://addons-stremio.com/addon/medialib","3","2026-08-28T17:24:12.719Z","2026-08-28T17:24:12.719Z","2026-08-28T17:24:12.717Z","","2026-08-28T17:24:12.723Z: Erstelle für MediaLib eine reproduzierbare Ausgangslage. Notiere Version 0.2.0 und Ressourcen catalog, meta, subtitles, ohne Einstellungen zu löschen. Starte Stremio neu und teste einen passenden Titel. Halte fest, ob Katalog, Metadaten, Untertitel oder abspielbare Quelle fehlen; das sind unterschiedliche Fehlerbilder.

2026-08-28T17:24:12.724Z: MediaLib deklariert die Typen movie, series und 3 Katalogeinträge. Die Konfiguration ist nicht angegeben. Ohne deklarierten Katalog ist eine neue Startzeile kein sinnvoller Test. Falls Konfiguration vorhanden ist, prüfe eine Variante im selben Konto, bevor weitere installiert werden.

2026-08-28T17:24:12.726Z: Für die weitere Diagnose von MediaLib gehören Gerät, Stremio-Version, Addon-Version, ein Inhaltsbeispiel und die beobachtete Ressource in den Bericht. Der Verzeichnisstatus lautet ONLINE, die Sprachen sind multi; beides garantiert keine vollständige Abdeckung. Veröffentliche keine Token, Debrid-Schlüssel, Passwörter oder personalisierten Manifest-URLs."
"112","Easynews++ bei veralteten Einstellungen sauber entfernen und neu installieren","easynews-bei-veralteten-einstellungen-sauber-entfernen-und-neu-installieren","https://addons-stremio.com/forum/de/thread/112-easynews-bei-veralteten-einstellungen-sauber-entfernen-und-neu-installieren","de","question","true","Redaktioneller Hinweis: Dieser Leitfaden stammt vom addons-stremio.com Community Team, nicht von einem unabhängigen Nutzer oder dem Addon-Entwickler.

Easynews++ bei veralteten Einstellungen sauber entfernen und neu installieren

Vor der Neuinstallation sollten Einstellungen notiert werden, damit keine funktionierende Präferenz oder Kennung verloren geht.

Geprüfter Verzeichnisstand
- Version: 2.6.3
- Verzeichnisstatus: ONLINE
- Deklarierte Medientypen: movie, series
- Kategorien: movies, tv-shows
- Deklarierte Sprachen: ro, tr, es, pt, fr, de, it, ru
- Manifest-Ressourcen: stream
- Katalogeinträge: 0
- Konfigurationsseite: verfügbar

Praktisches Vorgehen
1. Teste einen bekannten Film oder eine Serie, notiere das Ergebnis und ändere jeweils nur eine Einstellung.
2. Nutze die Konfiguration nur, wenn sie angegeben ist, und schließe die Auswahl vor der Installation ab.

Das Manifest von Easynews++ stellt derzeit stream bereit; die Konfiguration ist verfügbar. Diese Angaben bestimmen Installationsweg und richtigen Bereich der Oberfläche. Sie garantieren kein Ergebnis für jeden Titel, jede Region oder jeden Anbieter.

Die Seite verwendet das gespeicherte Manifest und die Verzeichnisüberwachung. Unterstützung, Geschwindigkeit, Verfügbarkeit oder legaler Zugriff werden nicht erfunden; Daten können sich ändern.","General","https://addons-stremio.com/forum/de/category/general","Easynews++","https://addons-stremio.com/addon/easynews","3","2026-08-28T17:24:12.702Z","2026-08-28T17:24:12.711Z","2026-08-28T17:24:12.701Z","","2026-08-28T17:24:12.707Z: Erstelle für Easynews++ eine reproduzierbare Ausgangslage. Notiere Version 2.6.3 und Ressourcen stream, ohne Einstellungen zu löschen. Starte Stremio neu und teste einen passenden Titel. Halte fest, ob Katalog, Metadaten, Untertitel oder abspielbare Quelle fehlen; das sind unterschiedliche Fehlerbilder.

2026-08-28T17:24:12.708Z: Easynews++ deklariert die Typen movie, series und 0 Katalogeinträge. Die Konfiguration ist verfügbar. Ohne deklarierten Katalog ist eine neue Startzeile kein sinnvoller Test. Falls Konfiguration vorhanden ist, prüfe eine Variante im selben Konto, bevor weitere installiert werden.

2026-08-28T17:24:12.709Z: Für die weitere Diagnose von Easynews++ gehören Gerät, Stremio-Version, Addon-Version, ein Inhaltsbeispiel und die beobachtete Ressource in den Bericht. Der Verzeichnisstatus lautet ONLINE, die Sprachen sind ro, tr, es, pt, fr, de, it, ru; beides garantiert keine vollständige Abdeckung. Veröffentliche keine Token, Debrid-Schlüssel, Passwörter oder personalisierten Manifest-URLs."
"111","Katalog, Metadaten, Stream oder Untertitel: Welche Aufgabe hat PlayIMDB Addon?","katalog-metadaten-stream-oder-untertitel-welche-aufgabe-hat-playimdb-addon","https://addons-stremio.com/forum/de/thread/111-katalog-metadaten-stream-oder-untertitel-welche-aufgabe-hat-playimdb-addon","de","discussion","true","Redaktioneller Hinweis: Dieser Leitfaden stammt vom addons-stremio.com Community Team, nicht von einem unabhängigen Nutzer oder dem Addon-Entwickler.

Katalog, Metadaten, Stream oder Untertitel: Welche Aufgabe hat PlayIMDB Addon?

Das Manifest trennt Aufgaben. Die deklarierte Ressource zeigt, wo das Ergebnis in Stremio erscheinen sollte.

Geprüfter Verzeichnisstand
- Version: 1.0.0
- Verzeichnisstatus: ONLINE
- Deklarierte Medientypen: movie
- Kategorien: movies
- Deklarierte Sprachen: multi
- Manifest-Ressourcen: stream
- Katalogeinträge: 0
- Konfigurationsseite: verfügbar

Praktisches Vorgehen
1. Prüfe den Bereich der deklarierten Ressource; nicht jedes Addon erzeugt eine Katalogzeile.
2. Öffne die Addon-Seite und vergleiche aktuelle Version und Ressourcen mit den folgenden Daten.

Das Manifest von PlayIMDB Addon stellt derzeit stream bereit; die Konfiguration ist verfügbar. Diese Angaben bestimmen Installationsweg und richtigen Bereich der Oberfläche. Sie garantieren kein Ergebnis für jeden Titel, jede Region oder jeden Anbieter.

Die Seite verwendet das gespeicherte Manifest und die Verzeichnisüberwachung. Unterstützung, Geschwindigkeit, Verfügbarkeit oder legaler Zugriff werden nicht erfunden; Daten können sich ändern.","Recommendations","https://addons-stremio.com/forum/de/category/recomandari","PlayIMDB Addon","https://addons-stremio.com/addon/playimdb-stremio-addon","3","2026-08-28T17:24:12.679Z","2026-08-28T17:24:12.679Z","2026-08-28T17:24:12.677Z","","2026-08-28T17:24:12.685Z: Erstelle für PlayIMDB Addon eine reproduzierbare Ausgangslage. Notiere Version 1.0.0 und Ressourcen stream, ohne Einstellungen zu löschen. Starte Stremio neu und teste einen passenden Titel. Halte fest, ob Katalog, Metadaten, Untertitel oder abspielbare Quelle fehlen; das sind unterschiedliche Fehlerbilder.

2026-08-28T17:24:12.688Z: PlayIMDB Addon deklariert die Typen movie und 0 Katalogeinträge. Die Konfiguration ist verfügbar. Ohne deklarierten Katalog ist eine neue Startzeile kein sinnvoller Test. Falls Konfiguration vorhanden ist, prüfe eine Variante im selben Konto, bevor weitere installiert werden.

2026-08-28T17:24:12.691Z: Für die weitere Diagnose von PlayIMDB Addon gehören Gerät, Stremio-Version, Addon-Version, ein Inhaltsbeispiel und die beobachtete Ressource in den Bericht. Der Verzeichnisstatus lautet ONLINE, die Sprachen sind multi; beides garantiert keine vollständige Abdeckung. Veröffentliche keine Token, Debrid-Schlüssel, Passwörter oder personalisierten Manifest-URLs."
"110","Leere Suchergebnisse von Webshare.cz gezielt untersuchen","leere-suchergebnisse-von-webshare-cz-gezielt-untersuchen","https://addons-stremio.com/forum/de/thread/110-leere-suchergebnisse-von-webshare-cz-gezielt-untersuchen","de","question","true","Redaktioneller Hinweis: Dieser Leitfaden stammt vom addons-stremio.com Community Team, nicht von einem unabhängigen Nutzer oder dem Addon-Entwickler.

Leere Suchergebnisse von Webshare.cz gezielt untersuchen

Leere Suche kann durch fehlendes search, einen nicht unterstützten Typ oder eine fehlende Übereinstimmung entstehen.

Geprüfter Verzeichnisstand
- Version: 0.8.1
- Verzeichnisstatus: ONLINE
- Deklarierte Medientypen: movie, series
- Kategorien: movies, tv-shows, metadata
- Deklarierte Sprachen: multi
- Manifest-Ressourcen: stream, catalog, meta
- Katalogeinträge: 1
- Konfigurationsseite: verfügbar

Praktisches Vorgehen
1. Installiere im Stremio-Konto des Zielgeräts und starte beziehungsweise aktualisiere danach den Client.
2. Teste einen bekannten Film oder eine Serie, notiere das Ergebnis und ändere jeweils nur eine Einstellung.

Das Manifest von Webshare.cz stellt derzeit stream, catalog, meta bereit; die Konfiguration ist verfügbar. Diese Angaben bestimmen Installationsweg und richtigen Bereich der Oberfläche. Sie garantieren kein Ergebnis für jeden Titel, jede Region oder jeden Anbieter.

Die Seite verwendet das gespeicherte Manifest und die Verzeichnisüberwachung. Unterstützung, Geschwindigkeit, Verfügbarkeit oder legaler Zugriff werden nicht erfunden; Daten können sich ändern.","Issues & Troubleshooting","https://addons-stremio.com/forum/de/category/probleme","Webshare.cz","https://addons-stremio.com/addon/webshare","3","2026-08-28T17:24:12.656Z","2026-08-28T17:24:12.672Z","2026-08-28T17:24:12.655Z","","2026-08-28T17:24:12.665Z: Erstelle für Webshare.cz eine reproduzierbare Ausgangslage. Notiere Version 0.8.1 und Ressourcen stream, catalog, meta, ohne Einstellungen zu löschen. Starte Stremio neu und teste einen passenden Titel. Halte fest, ob Katalog, Metadaten, Untertitel oder abspielbare Quelle fehlen; das sind unterschiedliche Fehlerbilder.

2026-08-28T17:24:12.669Z: Webshare.cz deklariert die Typen movie, series und 1 Katalogeinträge. Die Konfiguration ist verfügbar. Ohne deklarierten Katalog ist eine neue Startzeile kein sinnvoller Test. Falls Konfiguration vorhanden ist, prüfe eine Variante im selben Konto, bevor weitere installiert werden.

2026-08-28T17:24:12.670Z: Für die weitere Diagnose von Webshare.cz gehören Gerät, Stremio-Version, Addon-Version, ein Inhaltsbeispiel und die beobachtete Ressource in den Bericht. Der Verzeichnisstatus lautet ONLINE, die Sprachen sind multi; beides garantiert keine vollständige Abdeckung. Veröffentliche keine Token, Debrid-Schlüssel, Passwörter oder personalisierten Manifest-URLs."
"109","Trakt Sync & Rate über die Stremio-Kontosynchronisierung auf Android TV verwenden","trakt-sync-rate-uber-die-stremio-kontosynchronisierung-auf-android-tv-verwenden","https://addons-stremio.com/forum/de/thread/109-trakt-sync-rate-uber-die-stremio-kontosynchronisierung-auf-android-tv-verwenden","de","question","true","Redaktioneller Hinweis: Dieser Leitfaden stammt vom addons-stremio.com Community Team, nicht von einem unabhängigen Nutzer oder dem Addon-Entwickler.

Trakt Sync & Rate über die Stremio-Kontosynchronisierung auf Android TV verwenden

Der Fernseher erhält Addons normalerweise über dasselbe Konto. Prüfe zuerst das Konto und aktualisiere danach die App.

Geprüfter Verzeichnisstand
- Version: 2.4.0
- Verzeichnisstatus: ONLINE
- Deklarierte Medientypen: movie, series
- Kategorien: movies, tv-shows, tools
- Deklarierte Sprachen: multi
- Manifest-Ressourcen: stream
- Katalogeinträge: 0
- Konfigurationsseite: verfügbar

Praktisches Vorgehen
1. Nutze die Konfiguration nur, wenn sie angegeben ist, und schließe die Auswahl vor der Installation ab.
2. Prüfe den Bereich der deklarierten Ressource; nicht jedes Addon erzeugt eine Katalogzeile.

Das Manifest von Trakt Sync & Rate stellt derzeit stream bereit; die Konfiguration ist verfügbar. Diese Angaben bestimmen Installationsweg und richtigen Bereich der Oberfläche. Sie garantieren kein Ergebnis für jeden Titel, jede Region oder jeden Anbieter.

Die Seite verwendet das gespeicherte Manifest und die Verzeichnisüberwachung. Unterstützung, Geschwindigkeit, Verfügbarkeit oder legaler Zugriff werden nicht erfunden; Daten können sich ändern.","General","https://addons-stremio.com/forum/de/category/general","Trakt Sync & Rate","https://addons-stremio.com/addon/trakt-sync-and-rating","3","2026-08-28T17:24:12.638Z","2026-08-28T17:24:12.649Z","2026-08-28T17:24:12.635Z","","2026-08-28T17:24:12.644Z: Erstelle für Trakt Sync & Rate eine reproduzierbare Ausgangslage. Notiere Version 2.4.0 und Ressourcen stream, ohne Einstellungen zu löschen. Starte Stremio neu und teste einen passenden Titel. Halte fest, ob Katalog, Metadaten, Untertitel oder abspielbare Quelle fehlen; das sind unterschiedliche Fehlerbilder.

2026-08-28T17:24:12.646Z: Trakt Sync & Rate deklariert die Typen movie, series und 0 Katalogeinträge. Die Konfiguration ist verfügbar. Ohne deklarierten Katalog ist eine neue Startzeile kein sinnvoller Test. Falls Konfiguration vorhanden ist, prüfe eine Variante im selben Konto, bevor weitere installiert werden.

2026-08-28T17:24:12.647Z: Für die weitere Diagnose von Trakt Sync & Rate gehören Gerät, Stremio-Version, Addon-Version, ein Inhaltsbeispiel und die beobachtete Ressource in den Bericht. Der Verzeichnisstatus lautet ONLINE, die Sprachen sind multi; beides garantiert keine vollständige Abdeckung. Veröffentliche keine Token, Debrid-Schlüssel, Passwörter oder personalisierten Manifest-URLs."
"108","Sichere Prüfliste nach einem Versionswechsel von AIOStatus","sichere-prufliste-nach-einem-versionswechsel-von-aiostatus","https://addons-stremio.com/forum/de/thread/108-sichere-prufliste-nach-einem-versionswechsel-von-aiostatus","de","discussion","true","Redaktioneller Hinweis: Dieser Leitfaden stammt vom addons-stremio.com Community Team, nicht von einem unabhängigen Nutzer oder dem Addon-Entwickler.

Sichere Prüfliste nach einem Versionswechsel von AIOStatus

Ein Update kann Kataloge, Kennungen oder Optionen ändern. Ein bekannter Titel bietet einen sauberen Vergleich.

Geprüfter Verzeichnisstand
- Version: 2.3.0
- Verzeichnisstatus: ONLINE
- Deklarierte Medientypen: movie, series, other
- Kategorien: movies, tv-shows, anime, subtitles, metadata, debrid, usenet, tools
- Deklarierte Sprachen: multi
- Manifest-Ressourcen: stream, catalog, meta
- Katalogeinträge: 1
- Konfigurationsseite: verfügbar

Praktisches Vorgehen
1. Öffne die Addon-Seite und vergleiche aktuelle Version und Ressourcen mit den folgenden Daten.
2. Installiere im Stremio-Konto des Zielgeräts und starte beziehungsweise aktualisiere danach den Client.

Das Manifest von AIOStatus stellt derzeit stream, catalog, meta bereit; die Konfiguration ist verfügbar. Diese Angaben bestimmen Installationsweg und richtigen Bereich der Oberfläche. Sie garantieren kein Ergebnis für jeden Titel, jede Region oder jeden Anbieter.

Die Seite verwendet das gespeicherte Manifest und die Verzeichnisüberwachung. Unterstützung, Geschwindigkeit, Verfügbarkeit oder legaler Zugriff werden nicht erfunden; Daten können sich ändern.","Subtitles","https://addons-stremio.com/forum/de/category/subtitrari","AIOStatus","https://addons-stremio.com/addon/aiostatus","3","2026-08-28T17:24:12.617Z","2026-08-28T17:24:12.617Z","2026-08-28T17:24:12.616Z","","2026-08-28T17:24:12.623Z: Erstelle für AIOStatus eine reproduzierbare Ausgangslage. Notiere Version 2.3.0 und Ressourcen stream, catalog, meta, ohne Einstellungen zu löschen. Starte Stremio neu und teste einen passenden Titel. Halte fest, ob Katalog, Metadaten, Untertitel oder abspielbare Quelle fehlen; das sind unterschiedliche Fehlerbilder.

2026-08-28T17:24:12.625Z: AIOStatus deklariert die Typen movie, series, other und 1 Katalogeinträge. Die Konfiguration ist verfügbar. Ohne deklarierten Katalog ist eine neue Startzeile kein sinnvoller Test. Falls Konfiguration vorhanden ist, prüfe eine Variante im selben Konto, bevor weitere installiert werden.

2026-08-28T17:24:12.628Z: Für die weitere Diagnose von AIOStatus gehören Gerät, Stremio-Version, Addon-Version, ein Inhaltsbeispiel und die beobachtete Ressource in den Bericht. Der Verzeichnisstatus lautet ONLINE, die Sprachen sind multi; beides garantiert keine vollständige Abdeckung. Veröffentliche keine Token, Debrid-Schlüssel, Passwörter oder personalisierten Manifest-URLs."
"107","Warum opensubtitles.org subtitles by dexter21767 Metadaten ohne abspielbare Quelle anzeigen kann","warum-opensubtitles-org-subtitles-by-dexter21767-metadaten-ohne-abspielbare-quelle-anzeigen-kann","https://addons-stremio.com/forum/de/thread/107-warum-opensubtitles-org-subtitles-by-dexter21767-metadaten-ohne-abspielbare-quelle-anzeigen-kann","de","question","true","Redaktioneller Hinweis: Dieser Leitfaden stammt vom addons-stremio.com Community Team, nicht von einem unabhängigen Nutzer oder dem Addon-Entwickler.

Warum opensubtitles.org subtitles by dexter21767 Metadaten ohne abspielbare Quelle anzeigen kann

Metadaten und Wiedergabe sind getrennte Ressourcen. Der Test muss zeigen, welche Ebene tatsächlich geliefert wird.

Geprüfter Verzeichnisstand
- Version: 0.1.2
- Verzeichnisstatus: ONLINE
- Deklarierte Medientypen: movie, series
- Kategorien: movies, tv-shows, subtitles
- Deklarierte Sprachen: multi
- Manifest-Ressourcen: subtitles
- Katalogeinträge: 0
- Konfigurationsseite: verfügbar

Praktisches Vorgehen
1. Teste einen bekannten Film oder eine Serie, notiere das Ergebnis und ändere jeweils nur eine Einstellung.
2. Nutze die Konfiguration nur, wenn sie angegeben ist, und schließe die Auswahl vor der Installation ab.

Das Manifest von opensubtitles.org subtitles by dexter21767 stellt derzeit subtitles bereit; die Konfiguration ist verfügbar. Diese Angaben bestimmen Installationsweg und richtigen Bereich der Oberfläche. Sie garantieren kein Ergebnis für jeden Titel, jede Region oder jeden Anbieter.

Die Seite verwendet das gespeicherte Manifest und die Verzeichnisüberwachung. Unterstützung, Geschwindigkeit, Verfügbarkeit oder legaler Zugriff werden nicht erfunden; Daten können sich ändern.","Subtitles","https://addons-stremio.com/forum/de/category/subtitrari","opensubtitles.org subtitles by dexter21767","https://addons-stremio.com/addon/opensubtitles-org-subtitles-by-dexter21767","3","2026-08-28T17:24:12.595Z","2026-08-28T17:47:56.049Z","2026-08-28T17:24:12.592Z","","2026-08-28T17:24:12.600Z: Erstelle für opensubtitles.org subtitles by dexter21767 eine reproduzierbare Ausgangslage. Notiere Version 0.1.2 und Ressourcen subtitles, ohne Einstellungen zu löschen. Starte Stremio neu und teste einen passenden Titel. Halte fest, ob Katalog, Metadaten, Untertitel oder abspielbare Quelle fehlen; das sind unterschiedliche Fehlerbilder.

2026-08-28T17:24:12.605Z: opensubtitles.org subtitles by dexter21767 deklariert die Typen movie, series und 0 Katalogeinträge. Die Konfiguration ist verfügbar. Ohne deklarierten Katalog ist eine neue Startzeile kein sinnvoller Test. Falls Konfiguration vorhanden ist, prüfe eine Variante im selben Konto, bevor weitere installiert werden.

2026-08-28T17:24:12.606Z: Für die weitere Diagnose von opensubtitles.org subtitles by dexter21767 gehören Gerät, Stremio-Version, Addon-Version, ein Inhaltsbeispiel und die beobachtete Ressource in den Bericht. Der Verzeichnisstatus lautet ONLINE, die Sprachen sind multi; beides garantiert keine vollständige Abdeckung. Veröffentliche keine Token, Debrid-Schlüssel, Passwörter oder personalisierten Manifest-URLs."
"106","Statusio neu konfigurieren, ohne doppelte Einträge zu hinterlassen","statusio-neu-konfigurieren-ohne-doppelte-eintrage-zu-hinterlassen","https://addons-stremio.com/forum/de/thread/106-statusio-neu-konfigurieren-ohne-doppelte-eintrage-zu-hinterlassen","de","question","true","Redaktioneller Hinweis: Dieser Leitfaden stammt vom addons-stremio.com Community Team, nicht von einem unabhängigen Nutzer oder dem Addon-Entwickler.

Statusio neu konfigurieren, ohne doppelte Einträge zu hinterlassen

Eine neue Konfiguration kann ein anderes Manifest erzeugen. Prüfe den neuen Eintrag und behalte nur eine gültige Variante.

Geprüfter Verzeichnisstand
- Version: 1.1.28
- Verzeichnisstatus: ONLINE
- Deklarierte Medientypen: movie, series
- Kategorien: movies, tv-shows, debrid
- Deklarierte Sprachen: multi
- Manifest-Ressourcen: stream
- Katalogeinträge: 0
- Konfigurationsseite: verfügbar

Praktisches Vorgehen
1. Prüfe den Bereich der deklarierten Ressource; nicht jedes Addon erzeugt eine Katalogzeile.
2. Öffne die Addon-Seite und vergleiche aktuelle Version und Ressourcen mit den folgenden Daten.

Das Manifest von Statusio stellt derzeit stream bereit; die Konfiguration ist verfügbar. Diese Angaben bestimmen Installationsweg und richtigen Bereich der Oberfläche. Sie garantieren kein Ergebnis für jeden Titel, jede Region oder jeden Anbieter.

Die Seite verwendet das gespeicherte Manifest und die Verzeichnisüberwachung. Unterstützung, Geschwindigkeit, Verfügbarkeit oder legaler Zugriff werden nicht erfunden; Daten können sich ändern.","Debrid","https://addons-stremio.com/forum/de/category/debrid","Statusio","https://addons-stremio.com/addon/statusio","3","2026-08-28T17:24:12.570Z","2026-08-28T17:24:12.589Z","2026-08-28T17:24:12.568Z","","2026-08-28T17:24:12.578Z: Erstelle für Statusio eine reproduzierbare Ausgangslage. Notiere Version 1.1.28 und Ressourcen stream, ohne Einstellungen zu löschen. Starte Stremio neu und teste einen passenden Titel. Halte fest, ob Katalog, Metadaten, Untertitel oder abspielbare Quelle fehlen; das sind unterschiedliche Fehlerbilder.

2026-08-28T17:24:12.579Z: Statusio deklariert die Typen movie, series und 0 Katalogeinträge. Die Konfiguration ist verfügbar. Ohne deklarierten Katalog ist eine neue Startzeile kein sinnvoller Test. Falls Konfiguration vorhanden ist, prüfe eine Variante im selben Konto, bevor weitere installiert werden.

2026-08-28T17:24:12.585Z: Für die weitere Diagnose von Statusio gehören Gerät, Stremio-Version, Addon-Version, ein Inhaltsbeispiel und die beobachtete Ressource in den Bericht. Der Verzeichnisstatus lautet ONLINE, die Sprachen sind multi; beides garantiert keine vollständige Abdeckung. Veröffentliche keine Token, Debrid-Schlüssel, Passwörter oder personalisierten Manifest-URLs."
"105","Das Manifest von OpenSubtitles v3 verstehen, bevor Einstellungen geändert werden","das-manifest-von-opensubtitles-v3-verstehen-bevor-einstellungen-geandert-werden","https://addons-stremio.com/forum/de/thread/105-das-manifest-von-opensubtitles-v3-verstehen-bevor-einstellungen-geandert-werden","de","question","true","Redaktioneller Hinweis: Dieser Leitfaden stammt vom addons-stremio.com Community Team, nicht von einem unabhängigen Nutzer oder dem Addon-Entwickler.

Das Manifest von OpenSubtitles v3 verstehen, bevor Einstellungen geändert werden

Die deklarierten Ressourcen verhindern falsche Erwartungen an ein Addon, das nur Kataloge, Metadaten oder Untertitel liefert.

Geprüfter Verzeichnisstand
- Version: 1.0.0
- Verzeichnisstatus: ONLINE
- Deklarierte Medientypen: movie, series
- Kategorien: movies, tv-shows, subtitles
- Deklarierte Sprachen: multi
- Manifest-Ressourcen: subtitles
- Katalogeinträge: 0
- Konfigurationsseite: nicht angegeben

Praktisches Vorgehen
1. Installiere im Stremio-Konto des Zielgeräts und starte beziehungsweise aktualisiere danach den Client.
2. Teste einen bekannten Film oder eine Serie, notiere das Ergebnis und ändere jeweils nur eine Einstellung.

Das Manifest von OpenSubtitles v3 stellt derzeit subtitles bereit; die Konfiguration ist nicht angegeben. Diese Angaben bestimmen Installationsweg und richtigen Bereich der Oberfläche. Sie garantieren kein Ergebnis für jeden Titel, jede Region oder jeden Anbieter.

Die Seite verwendet das gespeicherte Manifest und die Verzeichnisüberwachung. Unterstützung, Geschwindigkeit, Verfügbarkeit oder legaler Zugriff werden nicht erfunden; Daten können sich ändern.","Subtitles","https://addons-stremio.com/forum/de/category/subtitrari","OpenSubtitles v3","https://addons-stremio.com/addon/opensubtitles-v3","3","2026-08-28T17:24:12.553Z","2026-08-28T17:24:12.563Z","2026-08-28T17:24:12.552Z","de:https://addons-stremio.com/forum/de/thread/105-das-manifest-von-opensubtitles-v3-verstehen-bevor-einstellungen-geandert-werden|en:https://addons-stremio.com/forum/en/thread/5-understanding-the-opensubtitles-v3-manifest-before-changing-any-settings|es:https://addons-stremio.com/forum/es/thread/45-como-interpretar-el-manifiesto-de-opensubtitles-v3-antes-de-cambiar-ajustes|fr:https://addons-stremio.com/forum/fr/thread/85-comprendre-le-manifeste-de-opensubtitles-v3-avant-de-modifier-les-reglages|pt-br:https://addons-stremio.com/forum/pt-br/thread/65-como-entender-o-manifesto-do-opensubtitles-v3-antes-de-alterar-configuracoes|ro:https://addons-stremio.com/forum/ro/thread/25-cum-citesti-manifestul-opensubtitles-v3-inainte-sa-modifici-setarile","2026-08-28T17:24:12.557Z: Erstelle für OpenSubtitles v3 eine reproduzierbare Ausgangslage. Notiere Version 1.0.0 und Ressourcen subtitles, ohne Einstellungen zu löschen. Starte Stremio neu und teste einen passenden Titel. Halte fest, ob Katalog, Metadaten, Untertitel oder abspielbare Quelle fehlen; das sind unterschiedliche Fehlerbilder.

2026-08-28T17:24:12.559Z: OpenSubtitles v3 deklariert die Typen movie, series und 0 Katalogeinträge. Die Konfiguration ist nicht angegeben. Ohne deklarierten Katalog ist eine neue Startzeile kein sinnvoller Test. Falls Konfiguration vorhanden ist, prüfe eine Variante im selben Konto, bevor weitere installiert werden.

2026-08-28T17:24:12.561Z: Für die weitere Diagnose von OpenSubtitles v3 gehören Gerät, Stremio-Version, Addon-Version, ein Inhaltsbeispiel und die beobachtete Ressource in den Bericht. Der Verzeichnisstatus lautet ONLINE, die Sprachen sind multi; beides garantiert keine vollständige Abdeckung. Veröffentliche keine Token, Debrid-Schlüssel, Passwörter oder personalisierten Manifest-URLs."
"104","Comet | ElfHosted ist installiert, aber kein neuer Katalog erscheint: systematische Diagnose","comet-elfhosted-ist-installiert-aber-kein-neuer-katalog-erscheint-systematische-diagnose","https://addons-stremio.com/forum/de/thread/104-comet-elfhosted-ist-installiert-aber-kein-neuer-katalog-erscheint-systematische-diagnose","de","question","true","Redaktioneller Hinweis: Dieser Leitfaden stammt vom addons-stremio.com Community Team, nicht von einem unabhängigen Nutzer oder dem Addon-Entwickler.

Comet | ElfHosted ist installiert, aber kein neuer Katalog erscheint: systematische Diagnose

Ein fehlender Katalog beweist keinen Fehler: Stream-, Metadaten- und Untertitel-Addons können ohne neue Startzeile arbeiten.

Geprüfter Verzeichnisstand
- Version: 2.0.0
- Verzeichnisstatus: ONLINE
- Deklarierte Medientypen: movie, series, anime, other
- Kategorien: movies, tv-shows, anime, debrid, torrents
- Deklarierte Sprachen: multi
- Manifest-Ressourcen: stream
- Katalogeinträge: 0
- Konfigurationsseite: verfügbar

Praktisches Vorgehen
1. Nutze die Konfiguration nur, wenn sie angegeben ist, und schließe die Auswahl vor der Installation ab.
2. Prüfe den Bereich der deklarierten Ressource; nicht jedes Addon erzeugt eine Katalogzeile.

Das Manifest von Comet | ElfHosted stellt derzeit stream bereit; die Konfiguration ist verfügbar. Diese Angaben bestimmen Installationsweg und richtigen Bereich der Oberfläche. Sie garantieren kein Ergebnis für jeden Titel, jede Region oder jeden Anbieter.

Die Seite verwendet das gespeicherte Manifest und die Verzeichnisüberwachung. Unterstützung, Geschwindigkeit, Verfügbarkeit oder legaler Zugriff werden nicht erfunden; Daten können sich ändern.","Anime","https://addons-stremio.com/forum/de/category/anime","Comet | ElfHosted","https://addons-stremio.com/addon/comet","3","2026-08-28T17:24:12.530Z","2026-08-28T17:24:12.544Z","2026-08-28T17:24:12.529Z","de:https://addons-stremio.com/forum/de/thread/104-comet-elfhosted-ist-installiert-aber-kein-neuer-katalog-erscheint-systematische-diagnose|en:https://addons-stremio.com/forum/en/thread/4-comet-elfhosted-is-installed-but-no-new-catalog-appears-a-structured-diagnosis|es:https://addons-stremio.com/forum/es/thread/44-comet-elfhosted-esta-instalado-pero-no-aparece-un-catalogo-nuevo-diagnostico-ordenado|fr:https://addons-stremio.com/forum/fr/thread/84-comet-elfhosted-est-installe-mais-aucun-nouveau-catalogue-n-apparait-diagnostic-methodique|pt-br:https://addons-stremio.com/forum/pt-br/thread/64-comet-elfhosted-esta-instalado-mas-nenhum-catalogo-novo-aparece-diagnostico-pratico|ro:https://addons-stremio.com/forum/ro/thread/24-comet-elfhosted-este-instalat-dar-nu-apare-un-catalog-nou-diagnostic-pas-cu-pas","2026-08-28T17:24:12.539Z: Erstelle für Comet | ElfHosted eine reproduzierbare Ausgangslage. Notiere Version 2.0.0 und Ressourcen stream, ohne Einstellungen zu löschen. Starte Stremio neu und teste einen passenden Titel. Halte fest, ob Katalog, Metadaten, Untertitel oder abspielbare Quelle fehlen; das sind unterschiedliche Fehlerbilder.

2026-08-28T17:24:12.542Z: Comet | ElfHosted deklariert die Typen movie, series, anime, other und 0 Katalogeinträge. Die Konfiguration ist verfügbar. Ohne deklarierten Katalog ist eine neue Startzeile kein sinnvoller Test. Falls Konfiguration vorhanden ist, prüfe eine Variante im selben Konto, bevor weitere installiert werden.

2026-08-28T17:24:12.543Z: Für die weitere Diagnose von Comet | ElfHosted gehören Gerät, Stremio-Version, Addon-Version, ein Inhaltsbeispiel und die beobachtete Ressource in den Bericht. Der Verzeichnisstatus lautet ONLINE, die Sprachen sind multi; beides garantiert keine vollständige Abdeckung. Veröffentliche keine Token, Debrid-Schlüssel, Passwörter oder personalisierten Manifest-URLs."
"103","Torrentio installieren und genau prüfen, was das Addon zu Stremio hinzufügt","torrentio-installieren-und-genau-prufen-was-das-addon-zu-stremio-hinzufugt","https://addons-stremio.com/forum/de/thread/103-torrentio-installieren-und-genau-prufen-was-das-addon-zu-stremio-hinzufugt","de","discussion","true","Redaktioneller Hinweis: Dieser Leitfaden stammt vom addons-stremio.com Community Team, nicht von einem unabhängigen Nutzer oder dem Addon-Entwickler.

Torrentio installieren und genau prüfen, was das Addon zu Stremio hinzufügt

Eine Installation ist erst abgeschlossen, wenn die hinzugefügten Manifest-Ressourcen im Konto bestätigt wurden.

Geprüfter Verzeichnisstand
- Version: 0.0.15
- Verzeichnisstatus: ONLINE
- Deklarierte Medientypen: movie, series, anime, other
- Kategorien: movies, tv-shows, anime, debrid, torrents
- Deklarierte Sprachen: multi
- Manifest-Ressourcen: stream
- Katalogeinträge: 0
- Konfigurationsseite: verfügbar

Praktisches Vorgehen
1. Öffne die Addon-Seite und vergleiche aktuelle Version und Ressourcen mit den folgenden Daten.
2. Installiere im Stremio-Konto des Zielgeräts und starte beziehungsweise aktualisiere danach den Client.

Das Manifest von Torrentio stellt derzeit stream bereit; die Konfiguration ist verfügbar. Diese Angaben bestimmen Installationsweg und richtigen Bereich der Oberfläche. Sie garantieren kein Ergebnis für jeden Titel, jede Region oder jeden Anbieter.

Die Seite verwendet das gespeicherte Manifest und die Verzeichnisüberwachung. Unterstützung, Geschwindigkeit, Verfügbarkeit oder legaler Zugriff werden nicht erfunden; Daten können sich ändern.","Anime","https://addons-stremio.com/forum/de/category/anime","Torrentio","https://addons-stremio.com/addon/torrentio","3","2026-08-28T17:24:12.516Z","2026-08-28T17:24:12.516Z","2026-08-28T17:24:12.515Z","de:https://addons-stremio.com/forum/de/thread/103-torrentio-installieren-und-genau-prufen-was-das-addon-zu-stremio-hinzufugt|en:https://addons-stremio.com/forum/en/thread/3-how-to-install-torrentio-and-verify-exactly-what-it-adds-to-stremio|es:https://addons-stremio.com/forum/es/thread/43-como-instalar-torrentio-y-comprobar-exactamente-que-anade-a-stremio|fr:https://addons-stremio.com/forum/fr/thread/83-installer-torrentio-et-verifier-precisement-ce-qu-il-ajoute-a-stremio|pt-br:https://addons-stremio.com/forum/pt-br/thread/63-como-instalar-torrentio-e-confirmar-exatamente-o-que-ele-adiciona-ao-stremio|ro:https://addons-stremio.com/forum/ro/thread/23-cum-instalezi-torrentio-si-verifici-exact-ce-adauga-in-stremio","2026-08-28T17:24:12.519Z: Erstelle für Torrentio eine reproduzierbare Ausgangslage. Notiere Version 0.0.15 und Ressourcen stream, ohne Einstellungen zu löschen. Starte Stremio neu und teste einen passenden Titel. Halte fest, ob Katalog, Metadaten, Untertitel oder abspielbare Quelle fehlen; das sind unterschiedliche Fehlerbilder.

2026-08-28T17:24:12.520Z: Torrentio deklariert die Typen movie, series, anime, other und 0 Katalogeinträge. Die Konfiguration ist verfügbar. Ohne deklarierten Katalog ist eine neue Startzeile kein sinnvoller Test. Falls Konfiguration vorhanden ist, prüfe eine Variante im selben Konto, bevor weitere installiert werden.

2026-08-28T17:24:12.521Z: Für die weitere Diagnose von Torrentio gehören Gerät, Stremio-Version, Addon-Version, ein Inhaltsbeispiel und die beobachtete Ressource in den Bericht. Der Verzeichnisstatus lautet ONLINE, die Sprachen sind multi; beides garantiert keine vollständige Abdeckung. Veröffentliche keine Token, Debrid-Schlüssel, Passwörter oder personalisierten Manifest-URLs."
"102","Contrôles de confidentialité avant de saisir des identifiants dans Canales Deportivos","controles-de-confidentialite-avant-de-saisir-des-identifiants-dans-canales-deportivos","https://addons-stremio.com/forum/fr/thread/102-controles-de-confidentialite-avant-de-saisir-des-identifiants-dans-canales-deportivos","fr","question","true","Note éditoriale : ce guide est publié par l'équipe addons-stremio.com, et non par un utilisateur indépendant ou le développeur de l'addon.

Contrôles de confidentialité avant de saisir des identifiants dans Canales Deportivos

La configuration est externe au répertoire. Vérifiez le domaine et ne fournissez aucun identifiant inutile.

Données vérifiées dans le répertoire
- Version: 1.0.2
- État dans le répertoire: ONLINE
- Types de médias déclarés: channel
- Catégories: sports, metadata
- Langues déclarées: multi
- Ressources du manifeste: catalog, meta, stream
- Entrées de catalogue: 1
- Page de configuration: non indiquée

Procédure pratique
1. Testez un film ou une série connue, notez le résultat et ne modifiez qu'un réglage à la fois.
2. Utilisez la configuration uniquement lorsqu'elle est indiquée et terminez les choix avant l'installation.

Le manifeste de Canales Deportivos expose actuellement catalog, meta, stream, avec une configuration non indiquée. Ces faits déterminent le parcours d'installation et la zone correcte de l'interface. Ils ne garantissent pas un résultat pour chaque titre, région ou fournisseur.

Cette page utilise le manifeste enregistré et la surveillance du répertoire. Elle n'invente ni compatibilité, vitesse, disponibilité ou accès légal ; les données peuvent évoluer.","Issues & Troubleshooting","https://addons-stremio.com/forum/fr/category/probleme","Canales Deportivos","https://addons-stremio.com/addon/canales-deportivos","3","2026-08-28T17:24:12.497Z","2026-08-28T17:30:45.202Z","2026-08-28T17:24:12.496Z","","2026-08-28T17:24:12.503Z: Établissez une base reproductible pour Canales Deportivos. Notez la version 1.0.2 et les ressources catalog, meta, stream sans supprimer les réglages. Redémarrez Stremio et testez un titre compatible. Précisez si l'élément absent est le catalogue, les métadonnées, les sous-titres ou la source lisible : ce sont quatre problèmes différents.

2026-08-28T17:24:12.505Z: Canales Deportivos déclare les types channel et 1 entrées de catalogue. Sa configuration est non indiquée. Sans catalogue déclaré, une nouvelle ligne d'accueil n'est pas un test valable. Si une configuration existe, vérifiez une seule variante sur le même compte avant d'en installer d'autres.

2026-08-28T17:24:12.509Z: Pour poursuivre le diagnostic de Canales Deportivos, indiquez appareil, version de Stremio, version de l'addon, exemple de contenu et ressource observée. L'état du répertoire est ONLINE, avec les langues multi ; aucun ne garantit une couverture totale. Ne publiez jamais jetons, clés debrid, mots de passe ou manifestes personnalisés."
"101","Récupérer Viva Max après un problème de cache ou de synchronisation Stremio","recuperer-viva-max-apres-un-probleme-de-cache-ou-de-synchronisation-stremio","https://addons-stremio.com/forum/fr/thread/101-recuperer-viva-max-apres-un-probleme-de-cache-ou-de-synchronisation-stremio","fr","question","true","Note éditoriale : ce guide est publié par l'équipe addons-stremio.com, et non par un utilisateur indépendant ou le développeur de l'addon.

Récupérer Viva Max après un problème de cache ou de synchronisation Stremio

Les symptômes de cache se testent par synchronisation et redémarrage, sans réinstallations répétées.

Données vérifiées dans le répertoire
- Version: 6.9.1
- État dans le répertoire: ONLINE
- Types de médias déclarés: movie, series
- Catégories: movies, tv-shows, metadata
- Langues déclarées: multi
- Ressources du manifeste: catalog, meta
- Entrées de catalogue: 2
- Page de configuration: non indiquée

Procédure pratique
1. Contrôlez la zone correspondant à la ressource déclarée ; tous les addons ne créent pas de catalogue.
2. Ouvrez la fiche de l'addon et comparez sa version et ses ressources avec les données ci-dessous.

Le manifeste de Viva Max expose actuellement catalog, meta, avec une configuration non indiquée. Ces faits déterminent le parcours d'installation et la zone correcte de l'interface. Ils ne garantissent pas un résultat pour chaque titre, région ou fournisseur.

Cette page utilise le manifeste enregistré et la surveillance du répertoire. Elle n'invente ni compatibilité, vitesse, disponibilité ou accès légal ; les données peuvent évoluer.","General","https://addons-stremio.com/forum/fr/category/general","Viva Max","https://addons-stremio.com/addon/viva-max","3","2026-08-28T17:24:12.477Z","2026-08-28T17:34:55.236Z","2026-08-28T17:24:12.474Z","","2026-08-28T17:24:12.484Z: Établissez une base reproductible pour Viva Max. Notez la version 6.9.1 et les ressources catalog, meta sans supprimer les réglages. Redémarrez Stremio et testez un titre compatible. Précisez si l'élément absent est le catalogue, les métadonnées, les sous-titres ou la source lisible : ce sont quatre problèmes différents.

2026-08-28T17:24:12.486Z: Viva Max déclare les types movie, series et 2 entrées de catalogue. Sa configuration est non indiquée. Sans catalogue déclaré, une nouvelle ligne d'accueil n'est pas un test valable. Si une configuration existe, vérifiez une seule variante sur le même compte avant d'en installer d'autres.

2026-08-28T17:24:12.487Z: Pour poursuivre le diagnostic de Viva Max, indiquez appareil, version de Stremio, version de l'addon, exemple de contenu et ressource observée. L'état du répertoire est ONLINE, avec les langues multi ; aucun ne garantit une couverture totale. Ne publiez jamais jetons, clés debrid, mots de passe ou manifestes personnalisés."
"100","Strelingo - Dual Language Subtitles fournit-il films, séries, TV en direct ou seulement des données ?","strelingo-dual-language-subtitles-fournit-il-films-series-tv-en-direct-ou-seulement-des-donnees","https://addons-stremio.com/forum/fr/thread/100-strelingo-dual-language-subtitles-fournit-il-films-series-tv-en-direct-ou-seulement-des-donnees","fr","discussion","true","Note éditoriale : ce guide est publié par l'équipe addons-stremio.com, et non par un utilisateur indépendant ou le développeur de l'addon.

Strelingo - Dual Language Subtitles fournit-il films, séries, TV en direct ou seulement des données ?

Les types décrivent les médias compatibles ; les ressources indiquent ce que l'addon fournit réellement.

Données vérifiées dans le répertoire
- Version: 0.1.2
- État dans le répertoire: ONLINE
- Types de médias déclarés: movie, series
- Catégories: movies, tv-shows, subtitles
- Langues déclarées: ro, tr, es, pt, fr, de, it, ru
- Ressources du manifeste: subtitles
- Entrées de catalogue: 0
- Page de configuration: disponible

Procédure pratique
1. Installez depuis le compte Stremio de l'appareil cible, puis redémarrez ou actualisez le client.
2. Testez un film ou une série connue, notez le résultat et ne modifiez qu'un réglage à la fois.

Le manifeste de Strelingo - Dual Language Subtitles expose actuellement subtitles, avec une configuration disponible. Ces faits déterminent le parcours d'installation et la zone correcte de l'interface. Ils ne garantissent pas un résultat pour chaque titre, région ou fournisseur.

Cette page utilise le manifeste enregistré et la surveillance du répertoire. Elle n'invente ni compatibilité, vitesse, disponibilité ou accès légal ; les données peuvent évoluer.","Subtitles","https://addons-stremio.com/forum/fr/category/subtitrari","Strelingo - Dual Language Subtitles","https://addons-stremio.com/addon/strelingo-dual-language-subtitles","3","2026-08-28T17:24:12.461Z","2026-08-28T17:24:12.461Z","2026-08-28T17:24:12.460Z","","2026-08-28T17:24:12.465Z: Établissez une base reproductible pour Strelingo - Dual Language Subtitles. Notez la version 0.1.2 et les ressources subtitles sans supprimer les réglages. Redémarrez Stremio et testez un titre compatible. Précisez si l'élément absent est le catalogue, les métadonnées, les sous-titres ou la source lisible : ce sont quatre problèmes différents.

2026-08-28T17:24:12.468Z: Strelingo - Dual Language Subtitles déclare les types movie, series et 0 entrées de catalogue. Sa configuration est disponible. Sans catalogue déclaré, une nouvelle ligne d'accueil n'est pas un test valable. Si une configuration existe, vérifiez une seule variante sur le même compte avant d'en installer d'autres.

2026-08-28T17:24:12.470Z: Pour poursuivre le diagnostic de Strelingo - Dual Language Subtitles, indiquez appareil, version de Stremio, version de l'addon, exemple de contenu et ressource observée. L'état du répertoire est ONLINE, avec les langues ro, tr, es, pt, fr, de, it, ru ; aucun ne garantit une couverture totale. Ne publiez jamais jetons, clés debrid, mots de passe ou manifestes personnalisés."
"99","Réduire les lignes en double après l'ajout de IndiaStreams","reduire-les-lignes-en-double-apres-l-ajout-de-indiastreams","https://addons-stremio.com/forum/fr/thread/99-reduire-les-lignes-en-double-apres-l-ajout-de-indiastreams","fr","question","true","Note éditoriale : ce guide est publié par l'équipe addons-stremio.com, et non par un utilisateur indépendant ou le développeur de l'addon.

Réduire les lignes en double après l'ajout de IndiaStreams

Les doublons viennent souvent de deux variantes du manifeste. Identifiez celle à conserver avant toute suppression.

Données vérifiées dans le répertoire
- Version: 1.0.1
- État dans le répertoire: ONLINE
- Types de médias déclarés: movie, series
- Catégories: movies, tv-shows, metadata
- Langues déclarées: hi, en
- Ressources du manifeste: catalog
- Entrées de catalogue: 9
- Page de configuration: disponible

Procédure pratique
1. Utilisez la configuration uniquement lorsqu'elle est indiquée et terminez les choix avant l'installation.
2. Contrôlez la zone correspondant à la ressource déclarée ; tous les addons ne créent pas de catalogue.

Le manifeste de IndiaStreams expose actuellement catalog, avec une configuration disponible. Ces faits déterminent le parcours d'installation et la zone correcte de l'interface. Ils ne garantissent pas un résultat pour chaque titre, région ou fournisseur.

Cette page utilise le manifeste enregistré et la surveillance du répertoire. Elle n'invente ni compatibilité, vitesse, disponibilité ou accès légal ; les données peuvent évoluer.","Issues & Troubleshooting","https://addons-stremio.com/forum/fr/category/probleme","IndiaStreams","https://addons-stremio.com/addon/indiastreams","3","2026-08-28T17:24:12.442Z","2026-08-28T17:24:12.454Z","2026-08-28T17:24:12.441Z","","2026-08-28T17:24:12.447Z: Établissez une base reproductible pour IndiaStreams. Notez la version 1.0.1 et les ressources catalog sans supprimer les réglages. Redémarrez Stremio et testez un titre compatible. Précisez si l'élément absent est le catalogue, les métadonnées, les sous-titres ou la source lisible : ce sont quatre problèmes différents.

2026-08-28T17:24:12.450Z: IndiaStreams déclare les types movie, series et 9 entrées de catalogue. Sa configuration est disponible. Sans catalogue déclaré, une nouvelle ligne d'accueil n'est pas un test valable. Si une configuration existe, vérifiez une seule variante sur le même compte avant d'en installer d'autres.

2026-08-28T17:24:12.453Z: Pour poursuivre le diagnostic de IndiaStreams, indiquez appareil, version de Stremio, version de l'addon, exemple de contenu et ressource observée. L'état du répertoire est ONLINE, avec les langues hi, en ; aucun ne garantit une couverture totale. Ne publiez jamais jetons, clés debrid, mots de passe ou manifestes personnalisés."
"98","Comparer le comportement de yifysubtitles subtitles by dexter21767 sur ordinateur et téléviseur","comparer-le-comportement-de-yifysubtitles-subtitles-by-dexter21767-sur-ordinateur-et-televiseur","https://addons-stremio.com/forum/fr/thread/98-comparer-le-comportement-de-yifysubtitles-subtitles-by-dexter21767-sur-ordinateur-et-televiseur","fr","discussion","true","Note éditoriale : ce guide est publié par l'équipe addons-stremio.com, et non par un utilisateur indépendant ou le développeur de l'addon.

Comparer le comportement de yifysubtitles subtitles by dexter21767 sur ordinateur et téléviseur

Ordinateur et TV peuvent conserver des caches différents. Comparez sur le même compte après actualisation.

Données vérifiées dans le répertoire
- Version: 0.0.2
- État dans le répertoire: ONLINE
- Types de médias déclarés: subtitles
- Catégories: movies, subtitles
- Langues déclarées: multi
- Ressources du manifeste: subtitles
- Entrées de catalogue: 0
- Page de configuration: disponible

Procédure pratique
1. Ouvrez la fiche de l'addon et comparez sa version et ses ressources avec les données ci-dessous.
2. Installez depuis le compte Stremio de l'appareil cible, puis redémarrez ou actualisez le client.

Le manifeste de yifysubtitles subtitles by dexter21767 expose actuellement subtitles, avec une configuration disponible. Ces faits déterminent le parcours d'installation et la zone correcte de l'interface. Ils ne garantissent pas un résultat pour chaque titre, région ou fournisseur.

Cette page utilise le manifeste enregistré et la surveillance du répertoire. Elle n'invente ni compatibilité, vitesse, disponibilité ou accès légal ; les données peuvent évoluer.","Subtitles","https://addons-stremio.com/forum/fr/category/subtitrari","yifysubtitles subtitles by dexter21767","https://addons-stremio.com/addon/yifysubtitles-subtitles-by-dexter21767","3","2026-08-28T17:24:12.421Z","2026-08-28T17:24:12.421Z","2026-08-28T17:24:12.420Z","","2026-08-28T17:24:12.429Z: Établissez une base reproductible pour yifysubtitles subtitles by dexter21767. Notez la version 0.0.2 et les ressources subtitles sans supprimer les réglages. Redémarrez Stremio et testez un titre compatible. Précisez si l'élément absent est le catalogue, les métadonnées, les sous-titres ou la source lisible : ce sont quatre problèmes différents.

2026-08-28T17:24:12.431Z: yifysubtitles subtitles by dexter21767 déclare les types subtitles et 0 entrées de catalogue. Sa configuration est disponible. Sans catalogue déclaré, une nouvelle ligne d'accueil n'est pas un test valable. Si une configuration existe, vérifiez une seule variante sur le même compte avant d'en installer d'autres.

2026-08-28T17:24:12.433Z: Pour poursuivre le diagnostic de yifysubtitles subtitles by dexter21767, indiquez appareil, version de Stremio, version de l'addon, exemple de contenu et ressource observée. L'état du répertoire est ONLINE, avec les langues multi ; aucun ne garantit une couverture totale. Ne publiez jamais jetons, clés debrid, mots de passe ou manifestes personnalisés."
"97","Quelles informations recueillir avant de signaler un problème avec MAL-Stremio Addon","quelles-informations-recueillir-avant-de-signaler-un-probleme-avec-mal-stremio-addon","https://addons-stremio.com/forum/fr/thread/97-quelles-informations-recueillir-avant-de-signaler-un-probleme-avec-mal-stremio-addon","fr","question","true","Note éditoriale : ce guide est publié par l'équipe addons-stremio.com, et non par un utilisateur indépendant ou le développeur de l'addon.

Quelles informations recueillir avant de signaler un problème avec MAL-Stremio Addon

Un signalement utile contient version, appareil, identifiant, ressource attendue et étape exacte du changement.

Données vérifiées dans le répertoire
- Version: 4.0.0
- État dans le répertoire: ONLINE
- Types de médias déclarés: anime, series, movie
- Catégories: movies, tv-shows, anime, sports, kids, music, subtitles, metadata
- Langues déclarées: multi
- Ressources du manifeste: catalog, meta, subtitles
- Entrées de catalogue: 7
- Page de configuration: disponible

Procédure pratique
1. Testez un film ou une série connue, notez le résultat et ne modifiez qu'un réglage à la fois.
2. Utilisez la configuration uniquement lorsqu'elle est indiquée et terminez les choix avant l'installation.

Le manifeste de MAL-Stremio Addon expose actuellement catalog, meta, subtitles, avec une configuration disponible. Ces faits déterminent le parcours d'installation et la zone correcte de l'interface. Ils ne garantissent pas un résultat pour chaque titre, région ou fournisseur.

Cette page utilise le manifeste enregistré et la surveillance du répertoire. Elle n'invente ni compatibilité, vitesse, disponibilité ou accès légal ; les données peuvent évoluer.","Issues & Troubleshooting","https://addons-stremio.com/forum/fr/category/probleme","MAL-Stremio Addon","https://addons-stremio.com/addon/mal-stremio-addon","3","2026-08-28T17:24:12.392Z","2026-08-28T17:24:12.411Z","2026-08-28T17:24:12.391Z","","2026-08-28T17:24:12.399Z: Établissez une base reproductible pour MAL-Stremio Addon. Notez la version 4.0.0 et les ressources catalog, meta, subtitles sans supprimer les réglages. Redémarrez Stremio et testez un titre compatible. Précisez si l'élément absent est le catalogue, les métadonnées, les sous-titres ou la source lisible : ce sont quatre problèmes différents.

2026-08-28T17:24:12.405Z: MAL-Stremio Addon déclare les types anime, series, movie et 7 entrées de catalogue. Sa configuration est disponible. Sans catalogue déclaré, une nouvelle ligne d'accueil n'est pas un test valable. Si une configuration existe, vérifiez une seule variante sur le même compte avant d'en installer d'autres.

2026-08-28T17:24:12.408Z: Pour poursuivre le diagnostic de MAL-Stremio Addon, indiquez appareil, version de Stremio, version de l'addon, exemple de contenu et ressource observée. L'état du répertoire est ONLINE, avec les langues multi ; aucun ne garantit une couverture totale. Ne publiez jamais jetons, clés debrid, mots de passe ou manifestes personnalisés."
"96","Vérifier le manifeste de AnimES sans supposer que le service est arrêté","verifier-le-manifeste-de-animes-sans-supposer-que-le-service-est-arrete","https://addons-stremio.com/forum/fr/thread/96-verifier-le-manifeste-de-animes-sans-supposer-que-le-service-est-arrete","fr","question","true","Note éditoriale : ce guide est publié par l'équipe addons-stremio.com, et non par un utilisateur indépendant ou le développeur de l'addon.

Vérifier le manifeste de AnimES sans supposer que le service est arrêté

Un manifeste accessible et une source lisible sont deux tests différents. L'état du répertoire est le dernier contrôle.

Données vérifiées dans le répertoire
- Version: 1.4.1
- État dans le répertoire: ONLINE
- Types de médias déclarés: movie, series, anime, other
- Catégories: movies, tv-shows, anime, metadata
- Langues déclarées: es
- Ressources du manifeste: stream, meta, catalog
- Entrées de catalogue: 13
- Page de configuration: disponible

Procédure pratique
1. Contrôlez la zone correspondant à la ressource déclarée ; tous les addons ne créent pas de catalogue.
2. Ouvrez la fiche de l'addon et comparez sa version et ses ressources avec les données ci-dessous.

Le manifeste de AnimES expose actuellement stream, meta, catalog, avec une configuration disponible. Ces faits déterminent le parcours d'installation et la zone correcte de l'interface. Ils ne garantissent pas un résultat pour chaque titre, région ou fournisseur.

Cette page utilise le manifeste enregistré et la surveillance du répertoire. Elle n'invente ni compatibilité, vitesse, disponibilité ou accès légal ; les données peuvent évoluer.","Anime","https://addons-stremio.com/forum/fr/category/anime","AnimES","https://addons-stremio.com/addon/animeflv","3","2026-08-28T17:24:12.364Z","2026-08-28T17:36:57.832Z","2026-08-28T17:24:12.363Z","","2026-08-28T17:24:12.375Z: Établissez une base reproductible pour AnimES. Notez la version 1.4.1 et les ressources stream, meta, catalog sans supprimer les réglages. Redémarrez Stremio et testez un titre compatible. Précisez si l'élément absent est le catalogue, les métadonnées, les sous-titres ou la source lisible : ce sont quatre problèmes différents.

2026-08-28T17:24:12.381Z: AnimES déclare les types movie, series, anime, other et 13 entrées de catalogue. Sa configuration est disponible. Sans catalogue déclaré, une nouvelle ligne d'accueil n'est pas un test valable. Si une configuration existe, vérifiez une seule variante sur le même compte avant d'en installer d'autres.

2026-08-28T17:24:12.382Z: Pour poursuivre le diagnostic de AnimES, indiquez appareil, version de Stremio, version de l'addon, exemple de contenu et ressource observée. L'état du répertoire est ONLINE, avec les langues es ; aucun ne garantit une couverture totale. Ne publiez jamais jetons, clés debrid, mots de passe ou manifestes personnalisés."
"95","Pourquoi Stremio Status fonctionne pour un titre mais pas pour un autre","pourquoi-stremio-status-fonctionne-pour-un-titre-mais-pas-pour-un-autre","https://addons-stremio.com/forum/fr/thread/95-pourquoi-stremio-status-fonctionne-pour-un-titre-mais-pas-pour-un-autre","fr","question","true","Note éditoriale : ce guide est publié par l'équipe addons-stremio.com, et non par un utilisateur indépendant ou le développeur de l'addon.

Pourquoi Stremio Status fonctionne pour un titre mais pas pour un autre

Les écarts entre titres dépendent souvent des identifiants et types. Deux exemples distinguent panne et manque de couverture.

Données vérifiées dans le répertoire
- Version: 1.4.0
- État dans le répertoire: ONLINE
- Types de médias déclarés: tv, movie, series
- Catégories: movies, tv-shows, live-tv, metadata
- Langues déclarées: multi
- Ressources du manifeste: catalog, meta, stream
- Entrées de catalogue: 1
- Page de configuration: disponible

Procédure pratique
1. Installez depuis le compte Stremio de l'appareil cible, puis redémarrez ou actualisez le client.
2. Testez un film ou une série connue, notez le résultat et ne modifiez qu'un réglage à la fois.

Le manifeste de Stremio Status expose actuellement catalog, meta, stream, avec une configuration disponible. Ces faits déterminent le parcours d'installation et la zone correcte de l'interface. Ils ne garantissent pas un résultat pour chaque titre, région ou fournisseur.

Cette page utilise le manifeste enregistré et la surveillance du répertoire. Elle n'invente ni compatibilité, vitesse, disponibilité ou accès légal ; les données peuvent évoluer.","Live TV","https://addons-stremio.com/forum/fr/category/live-tv","Stremio Status","https://addons-stremio.com/addon/stremio-status","3","2026-08-28T17:24:12.335Z","2026-08-28T17:24:12.355Z","2026-08-28T17:24:12.333Z","","2026-08-28T17:24:12.345Z: Établissez une base reproductible pour Stremio Status. Notez la version 1.4.0 et les ressources catalog, meta, stream sans supprimer les réglages. Redémarrez Stremio et testez un titre compatible. Précisez si l'élément absent est le catalogue, les métadonnées, les sous-titres ou la source lisible : ce sont quatre problèmes différents.

2026-08-28T17:24:12.349Z: Stremio Status déclare les types tv, movie, series et 1 entrées de catalogue. Sa configuration est disponible. Sans catalogue déclaré, une nouvelle ligne d'accueil n'est pas un test valable. Si une configuration existe, vérifiez une seule variante sur le même compte avant d'en installer d'autres.

2026-08-28T17:24:12.353Z: Pour poursuivre le diagnostic de Stremio Status, indiquez appareil, version de Stremio, version de l'addon, exemple de contenu et ressource observée. L'état du répertoire est ONLINE, avec les langues multi ; aucun ne garantit une couverture totale. Ne publiez jamais jetons, clés debrid, mots de passe ou manifestes personnalisés."
"94","Résoudre les problèmes de langue et de région dans Rotten Tomatoes","resoudre-les-problemes-de-langue-et-de-region-dans-rotten-tomatoes","https://addons-stremio.com/forum/fr/thread/94-resoudre-les-problemes-de-langue-et-de-region-dans-rotten-tomatoes","fr","question","true","Note éditoriale : ce guide est publié par l'équipe addons-stremio.com, et non par un utilisateur indépendant ou le développeur de l'addon.

Résoudre les problèmes de langue et de région dans Rotten Tomatoes

Les langues déclarées décrivent une couverture, sans garantir les mêmes options pour chaque titre.

Données vérifiées dans le répertoire
- Version: 1.0.9
- État dans le répertoire: ONLINE
- Types de médias déclarés: movie, series
- Catégories: movies, tv-shows, anime, documentaries, kids, metadata
- Langues déclarées: multi
- Ressources du manifeste: catalog
- Entrées de catalogue: 2
- Page de configuration: disponible

Procédure pratique
1. Utilisez la configuration uniquement lorsqu'elle est indiquée et terminez les choix avant l'installation.
2. Contrôlez la zone correspondant à la ressource déclarée ; tous les addons ne créent pas de catalogue.

Le manifeste de Rotten Tomatoes expose actuellement catalog, avec une configuration disponible. Ces faits déterminent le parcours d'installation et la zone correcte de l'interface. Ils ne garantissent pas un résultat pour chaque titre, région ou fournisseur.

Cette page utilise le manifeste enregistré et la surveillance du répertoire. Elle n'invente ni compatibilité, vitesse, disponibilité ou accès légal ; les données peuvent évoluer.","Issues & Troubleshooting","https://addons-stremio.com/forum/fr/category/probleme","Rotten Tomatoes","https://addons-stremio.com/addon/rotten-tomatoes","3","2026-08-28T17:24:12.306Z","2026-08-28T17:24:12.322Z","2026-08-28T17:24:12.305Z","","2026-08-28T17:24:12.313Z: Établissez une base reproductible pour Rotten Tomatoes. Notez la version 1.0.9 et les ressources catalog sans supprimer les réglages. Redémarrez Stremio et testez un titre compatible. Précisez si l'élément absent est le catalogue, les métadonnées, les sous-titres ou la source lisible : ce sont quatre problèmes différents.

2026-08-28T17:24:12.316Z: Rotten Tomatoes déclare les types movie, series et 2 entrées de catalogue. Sa configuration est disponible. Sans catalogue déclaré, une nouvelle ligne d'accueil n'est pas un test valable. Si une configuration existe, vérifiez une seule variante sur le même compte avant d'en installer d'autres.

2026-08-28T17:24:12.318Z: Pour poursuivre le diagnostic de Rotten Tomatoes, indiquez appareil, version de Stremio, version de l'addon, exemple de contenu et ressource observée. L'état du répertoire est ONLINE, avec les langues multi ; aucun ne garantit une couverture totale. Ne publiez jamais jetons, clés debrid, mots de passe ou manifestes personnalisés."
"93","Easynews nécessite-t-il une configuration avant l'installation ?","easynews-necessite-t-il-une-configuration-avant-l-installation","https://addons-stremio.com/forum/fr/thread/93-easynews-necessite-t-il-une-configuration-avant-l-installation","fr","discussion","true","Note éditoriale : ce guide est publié par l'équipe addons-stremio.com, et non par un utilisateur indépendant ou le développeur de l'addon.

Easynews nécessite-t-il une configuration avant l'installation ?

Une URL de configuration est un signal vérifiable. Sans elle, il ne faut pas inventer de paramètres fournisseur.

Données vérifiées dans le répertoire
- Version: 2.0.0
- État dans le répertoire: ONLINE
- Types de médias déclarés: movie, series
- Catégories: movies, tv-shows
- Langues déclarées: multi
- Ressources du manifeste: stream
- Entrées de catalogue: 0
- Page de configuration: disponible

Procédure pratique
1. Ouvrez la fiche de l'addon et comparez sa version et ses ressources avec les données ci-dessous.
2. Installez depuis le compte Stremio de l'appareil cible, puis redémarrez ou actualisez le client.

Le manifeste de Easynews expose actuellement stream, avec une configuration disponible. Ces faits déterminent le parcours d'installation et la zone correcte de l'interface. Ils ne garantissent pas un résultat pour chaque titre, région ou fournisseur.

Cette page utilise le manifeste enregistré et la surveillance du répertoire. Elle n'invente ni compatibilité, vitesse, disponibilité ou accès légal ; les données peuvent évoluer.","Issues & Troubleshooting","https://addons-stremio.com/forum/fr/category/probleme","Easynews","https://addons-stremio.com/addon/easynews-5ef803","3","2026-08-28T17:24:12.291Z","2026-08-28T17:24:12.291Z","2026-08-28T17:24:12.290Z","","2026-08-28T17:24:12.298Z: Établissez une base reproductible pour Easynews. Notez la version 2.0.0 et les ressources stream sans supprimer les réglages. Redémarrez Stremio et testez un titre compatible. Précisez si l'élément absent est le catalogue, les métadonnées, les sous-titres ou la source lisible : ce sont quatre problèmes différents.

2026-08-28T17:24:12.299Z: Easynews déclare les types movie, series et 0 entrées de catalogue. Sa configuration est disponible. Sans catalogue déclaré, une nouvelle ligne d'accueil n'est pas un test valable. Si une configuration existe, vérifiez une seule variante sur le même compte avant d'en installer d'autres.

2026-08-28T17:24:12.301Z: Pour poursuivre le diagnostic de Easynews, indiquez appareil, version de Stremio, version de l'addon, exemple de contenu et ressource observée. L'état du répertoire est ONLINE, avec les langues multi ; aucun ne garantit une couverture totale. Ne publiez jamais jetons, clés debrid, mots de passe ou manifestes personnalisés."
"92","Supprimer et réinstaller proprement Librario quand les réglages sont obsolètes","supprimer-et-reinstaller-proprement-librario-quand-les-reglages-sont-obsoletes","https://addons-stremio.com/forum/fr/thread/92-supprimer-et-reinstaller-proprement-librario-quand-les-reglages-sont-obsoletes","fr","question","true","Note éditoriale : ce guide est publié par l'équipe addons-stremio.com, et non par un utilisateur indépendant ou le développeur de l'addon.

Supprimer et réinstaller proprement Librario quand les réglages sont obsolètes

Notez les réglages avant la réinstallation afin de ne pas perdre une préférence ou une clé valide.

Données vérifiées dans le répertoire
- Version: 0.6.2
- État dans le répertoire: ONLINE
- Types de médias déclarés: movie, series, channel, tv
- Catégories: movies, tv-shows, live-tv, metadata
- Langues déclarées: multi
- Ressources du manifeste: catalog
- Entrées de catalogue: 0
- Page de configuration: disponible

Procédure pratique
1. Testez un film ou une série connue, notez le résultat et ne modifiez qu'un réglage à la fois.
2. Utilisez la configuration uniquement lorsqu'elle est indiquée et terminez les choix avant l'installation.

Le manifeste de Librario expose actuellement catalog, avec une configuration disponible. Ces faits déterminent le parcours d'installation et la zone correcte de l'interface. Ils ne garantissent pas un résultat pour chaque titre, région ou fournisseur.

Cette page utilise le manifeste enregistré et la surveillance du répertoire. Elle n'invente ni compatibilité, vitesse, disponibilité ou accès légal ; les données peuvent évoluer.","Live TV","https://addons-stremio.com/forum/fr/category/live-tv","Librario","https://addons-stremio.com/addon/librario","3","2026-08-28T17:24:12.270Z","2026-08-28T17:24:12.284Z","2026-08-28T17:24:12.269Z","","2026-08-28T17:24:12.278Z: Établissez une base reproductible pour Librario. Notez la version 0.6.2 et les ressources catalog sans supprimer les réglages. Redémarrez Stremio et testez un titre compatible. Précisez si l'élément absent est le catalogue, les métadonnées, les sous-titres ou la source lisible : ce sont quatre problèmes différents.

2026-08-28T17:24:12.280Z: Librario déclare les types movie, series, channel, tv et 0 entrées de catalogue. Sa configuration est disponible. Sans catalogue déclaré, une nouvelle ligne d'accueil n'est pas un test valable. Si une configuration existe, vérifiez une seule variante sur le même compte avant d'en installer d'autres.

2026-08-28T17:24:12.282Z: Pour poursuivre le diagnostic de Librario, indiquez appareil, version de Stremio, version de l'addon, exemple de contenu et ressource observée. L'état du répertoire est ONLINE, avec les langues multi ; aucun ne garantit une couverture totale. Ne publiez jamais jetons, clés debrid, mots de passe ou manifestes personnalisés."
"91","Catalogue, métadonnées, flux ou sous-titres : quel est le rôle de Pluto TV ?","catalogue-metadonnees-flux-ou-sous-titres-quel-est-le-role-de-pluto-tv","https://addons-stremio.com/forum/fr/thread/91-catalogue-metadonnees-flux-ou-sous-titres-quel-est-le-role-de-pluto-tv","fr","discussion","true","Note éditoriale : ce guide est publié par l'équipe addons-stremio.com, et non par un utilisateur indépendant ou le développeur de l'addon.

Catalogue, métadonnées, flux ou sous-titres : quel est le rôle de Pluto TV ?

Le manifeste sépare les fonctions. La ressource déclarée indique où le résultat devrait apparaître.

Données vérifiées dans le répertoire
- Version: 1.0.0
- État dans le répertoire: ONLINE
- Types de médias déclarés: tv
- Catégories: live-tv, metadata
- Langues déclarées: multi
- Ressources du manifeste: catalog, meta, stream
- Entrées de catalogue: 2
- Page de configuration: non indiquée

Procédure pratique
1. Contrôlez la zone correspondant à la ressource déclarée ; tous les addons ne créent pas de catalogue.
2. Ouvrez la fiche de l'addon et comparez sa version et ses ressources avec les données ci-dessous.

Le manifeste de Pluto TV expose actuellement catalog, meta, stream, avec une configuration non indiquée. Ces faits déterminent le parcours d'installation et la zone correcte de l'interface. Ils ne garantissent pas un résultat pour chaque titre, région ou fournisseur.

Cette page utilise le manifeste enregistré et la surveillance du répertoire. Elle n'invente ni compatibilité, vitesse, disponibilité ou accès légal ; les données peuvent évoluer.","Live TV","https://addons-stremio.com/forum/fr/category/live-tv","Pluto TV","https://addons-stremio.com/addon/pluto-tv","3","2026-08-28T17:24:12.246Z","2026-08-28T17:24:12.246Z","2026-08-28T17:24:12.245Z","","2026-08-28T17:24:12.256Z: Établissez une base reproductible pour Pluto TV. Notez la version 1.0.0 et les ressources catalog, meta, stream sans supprimer les réglages. Redémarrez Stremio et testez un titre compatible. Précisez si l'élément absent est le catalogue, les métadonnées, les sous-titres ou la source lisible : ce sont quatre problèmes différents.

2026-08-28T17:24:12.258Z: Pluto TV déclare les types tv et 2 entrées de catalogue. Sa configuration est non indiquée. Sans catalogue déclaré, une nouvelle ligne d'accueil n'est pas un test valable. Si une configuration existe, vérifiez une seule variante sur le même compte avant d'en installer d'autres.

2026-08-28T17:24:12.260Z: Pour poursuivre le diagnostic de Pluto TV, indiquez appareil, version de Stremio, version de l'addon, exemple de contenu et ressource observée. L'état du répertoire est ONLINE, avec les langues multi ; aucun ne garantit une couverture totale. Ne publiez jamais jetons, clés debrid, mots de passe ou manifestes personnalisés."
"90","Analyser des résultats de recherche vides dans K-Drama Crush","analyser-des-resultats-de-recherche-vides-dans-k-drama-crush","https://addons-stremio.com/forum/fr/thread/90-analyser-des-resultats-de-recherche-vides-dans-k-drama-crush","fr","question","true","Note éditoriale : ce guide est publié par l'équipe addons-stremio.com, et non par un utilisateur indépendant ou le développeur de l'addon.

Analyser des résultats de recherche vides dans K-Drama Crush

Une recherche vide peut venir de l'absence de search, d'un type non pris en charge ou d'aucune correspondance.

Données vérifiées dans le répertoire
- Version: 1.0.2
- État dans le répertoire: ONLINE
- Types de médias déclarés: movies, series
- Catégories: movies, tv-shows, asian-drama, metadata
- Langues déclarées: ja, ko
- Ressources du manifeste: catalog, meta
- Entrées de catalogue: 4
- Page de configuration: disponible

Procédure pratique
1. Installez depuis le compte Stremio de l'appareil cible, puis redémarrez ou actualisez le client.
2. Testez un film ou une série connue, notez le résultat et ne modifiez qu'un réglage à la fois.

Le manifeste de K-Drama Crush expose actuellement catalog, meta, avec une configuration disponible. Ces faits déterminent le parcours d'installation et la zone correcte de l'interface. Ils ne garantissent pas un résultat pour chaque titre, région ou fournisseur.

Cette page utilise le manifeste enregistré et la surveillance du répertoire. Elle n'invente ni compatibilité, vitesse, disponibilité ou accès légal ; les données peuvent évoluer.","Issues & Troubleshooting","https://addons-stremio.com/forum/fr/category/probleme","K-Drama Crush","https://addons-stremio.com/addon/k-dramas-binged","3","2026-08-28T17:24:12.226Z","2026-08-28T17:33:23.265Z","2026-08-28T17:24:12.224Z","","2026-08-28T17:24:12.233Z: Établissez une base reproductible pour K-Drama Crush. Notez la version 1.0.2 et les ressources catalog, meta sans supprimer les réglages. Redémarrez Stremio et testez un titre compatible. Précisez si l'élément absent est le catalogue, les métadonnées, les sous-titres ou la source lisible : ce sont quatre problèmes différents.

2026-08-28T17:24:12.237Z: K-Drama Crush déclare les types movies, series et 4 entrées de catalogue. Sa configuration est disponible. Sans catalogue déclaré, une nouvelle ligne d'accueil n'est pas un test valable. Si une configuration existe, vérifiez une seule variante sur le même compte avant d'en installer d'autres.

2026-08-28T17:24:12.239Z: Pour poursuivre le diagnostic de K-Drama Crush, indiquez appareil, version de Stremio, version de l'addon, exemple de contenu et ressource observée. L'état du répertoire est ONLINE, avec les langues ja, ko ; aucun ne garantit une couverture totale. Ne publiez jamais jetons, clés debrid, mots de passe ou manifestes personnalisés."
"89","Utiliser CometNet | ElfHosted sur Android TV grâce à la synchronisation du compte Stremio","utiliser-cometnet-elfhosted-sur-android-tv-grace-a-la-synchronisation-du-compte-stremio","https://addons-stremio.com/forum/fr/thread/89-utiliser-cometnet-elfhosted-sur-android-tv-grace-a-la-synchronisation-du-compte-stremio","fr","question","true","Note éditoriale : ce guide est publié par l'équipe addons-stremio.com, et non par un utilisateur indépendant ou le développeur de l'addon.

Utiliser CometNet | ElfHosted sur Android TV grâce à la synchronisation du compte Stremio

Le téléviseur reçoit normalement les addons du même compte. Vérifiez le compte puis actualisez l'application.

Données vérifiées dans le répertoire
- Version: 2.0.0
- État dans le répertoire: ONLINE
- Types de médias déclarés: movie, series, anime, other
- Catégories: movies, tv-shows, anime, debrid, torrents
- Langues déclarées: multi
- Ressources du manifeste: stream
- Entrées de catalogue: 0
- Page de configuration: disponible

Procédure pratique
1. Utilisez la configuration uniquement lorsqu'elle est indiquée et terminez les choix avant l'installation.
2. Contrôlez la zone correspondant à la ressource déclarée ; tous les addons ne créent pas de catalogue.

Le manifeste de CometNet | ElfHosted expose actuellement stream, avec une configuration disponible. Ces faits déterminent le parcours d'installation et la zone correcte de l'interface. Ils ne garantissent pas un résultat pour chaque titre, région ou fournisseur.

Cette page utilise le manifeste enregistré et la surveillance du répertoire. Elle n'invente ni compatibilité, vitesse, disponibilité ou accès légal ; les données peuvent évoluer.","Anime","https://addons-stremio.com/forum/fr/category/anime","CometNet | ElfHosted","https://addons-stremio.com/addon/cometnet-elfhosted","3","2026-08-28T17:24:12.207Z","2026-08-28T17:24:12.218Z","2026-08-28T17:24:12.206Z","","2026-08-28T17:24:12.211Z: Établissez une base reproductible pour CometNet | ElfHosted. Notez la version 2.0.0 et les ressources stream sans supprimer les réglages. Redémarrez Stremio et testez un titre compatible. Précisez si l'élément absent est le catalogue, les métadonnées, les sous-titres ou la source lisible : ce sont quatre problèmes différents.

2026-08-28T17:24:12.214Z: CometNet | ElfHosted déclare les types movie, series, anime, other et 0 entrées de catalogue. Sa configuration est disponible. Sans catalogue déclaré, une nouvelle ligne d'accueil n'est pas un test valable. Si une configuration existe, vérifiez une seule variante sur le même compte avant d'en installer d'autres.

2026-08-28T17:24:12.216Z: Pour poursuivre le diagnostic de CometNet | ElfHosted, indiquez appareil, version de Stremio, version de l'addon, exemple de contenu et ressource observée. L'état du répertoire est ONLINE, avec les langues multi ; aucun ne garantit une couverture totale. Ne publiez jamais jetons, clés debrid, mots de passe ou manifestes personnalisés."
"88","Liste de vérification après un changement de version de CineMaratona BR 🎬","liste-de-verification-apres-un-changement-de-version-de-cinemaratona-br","https://addons-stremio.com/forum/fr/thread/88-liste-de-verification-apres-un-changement-de-version-de-cinemaratona-br","fr","discussion","true","Note éditoriale : ce guide est publié par l'équipe addons-stremio.com, et non par un utilisateur indépendant ou le développeur de l'addon.

Liste de vérification après un changement de version de CineMaratona BR 🎬

Une mise à jour peut modifier catalogues, identifiants ou options. Un titre connu permet une comparaison propre.

Données vérifiées dans le répertoire
- Version: 2.5.0
- État dans le répertoire: ONLINE
- Types de médias déclarés: movie
- Catégories: movies, metadata
- Langues déclarées: multi
- Ressources du manifeste: catalog, meta
- Entrées de catalogue: 3
- Page de configuration: disponible

Procédure pratique
1. Ouvrez la fiche de l'addon et comparez sa version et ses ressources avec les données ci-dessous.
2. Installez depuis le compte Stremio de l'appareil cible, puis redémarrez ou actualisez le client.

Le manifeste de CineMaratona BR 🎬 expose actuellement catalog, meta, avec une configuration disponible. Ces faits déterminent le parcours d'installation et la zone correcte de l'interface. Ils ne garantissent pas un résultat pour chaque titre, région ou fournisseur.

Cette page utilise le manifeste enregistré et la surveillance du répertoire. Elle n'invente ni compatibilité, vitesse, disponibilité ou accès légal ; les données peuvent évoluer.","Issues & Troubleshooting","https://addons-stremio.com/forum/fr/category/probleme","CineMaratona BR 🎬","https://addons-stremio.com/addon/cinemaratona-global","3","2026-08-28T17:24:12.191Z","2026-08-28T17:24:12.191Z","2026-08-28T17:24:12.189Z","","2026-08-28T17:24:12.197Z: Établissez une base reproductible pour CineMaratona BR 🎬. Notez la version 2.5.0 et les ressources catalog, meta sans supprimer les réglages. Redémarrez Stremio et testez un titre compatible. Précisez si l'élément absent est le catalogue, les métadonnées, les sous-titres ou la source lisible : ce sont quatre problèmes différents.

2026-08-28T17:24:12.198Z: CineMaratona BR 🎬 déclare les types movie et 3 entrées de catalogue. Sa configuration est disponible. Sans catalogue déclaré, une nouvelle ligne d'accueil n'est pas un test valable. Si une configuration existe, vérifiez une seule variante sur le même compte avant d'en installer d'autres.

2026-08-28T17:24:12.199Z: Pour poursuivre le diagnostic de CineMaratona BR 🎬, indiquez appareil, version de Stremio, version de l'addon, exemple de contenu et ressource observée. L'état du répertoire est ONLINE, avec les langues multi ; aucun ne garantit une couverture totale. Ne publiez jamais jetons, clés debrid, mots de passe ou manifestes personnalisés."
"87","Pourquoi Nickelodeon peut afficher des métadonnées sans source lisible","pourquoi-nickelodeon-peut-afficher-des-metadonnees-sans-source-lisible","https://addons-stremio.com/forum/fr/thread/87-pourquoi-nickelodeon-peut-afficher-des-metadonnees-sans-source-lisible","fr","question","true","Note éditoriale : ce guide est publié par l'équipe addons-stremio.com, et non par un utilisateur indépendant ou le développeur de l'addon.

Pourquoi Nickelodeon peut afficher des métadonnées sans source lisible

Les métadonnées et la lecture sont des ressources distinctes. Le test doit identifier la couche réellement fournie.

Données vérifiées dans le répertoire
- Version: 1.0.0
- État dans le répertoire: ONLINE
- Types de médias déclarés: movie, series
- Catégories: movies, tv-shows, metadata
- Langues déclarées: multi
- Ressources du manifeste: catalog, meta
- Entrées de catalogue: 2
- Page de configuration: non indiquée

Procédure pratique
1. Testez un film ou une série connue, notez le résultat et ne modifiez qu'un réglage à la fois.
2. Utilisez la configuration uniquement lorsqu'elle est indiquée et terminez les choix avant l'installation.

Le manifeste de Nickelodeon expose actuellement catalog, meta, avec une configuration non indiquée. Ces faits déterminent le parcours d'installation et la zone correcte de l'interface. Ils ne garantissent pas un résultat pour chaque titre, région ou fournisseur.

Cette page utilise le manifeste enregistré et la surveillance du répertoire. Elle n'invente ni compatibilité, vitesse, disponibilité ou accès légal ; les données peuvent évoluer.","Issues & Troubleshooting","https://addons-stremio.com/forum/fr/category/probleme","Nickelodeon","https://addons-stremio.com/addon/nickelodeon","3","2026-08-28T17:24:12.165Z","2026-08-28T17:24:12.179Z","2026-08-28T17:24:12.164Z","","2026-08-28T17:24:12.170Z: Établissez une base reproductible pour Nickelodeon. Notez la version 1.0.0 et les ressources catalog, meta sans supprimer les réglages. Redémarrez Stremio et testez un titre compatible. Précisez si l'élément absent est le catalogue, les métadonnées, les sous-titres ou la source lisible : ce sont quatre problèmes différents.

2026-08-28T17:24:12.173Z: Nickelodeon déclare les types movie, series et 2 entrées de catalogue. Sa configuration est non indiquée. Sans catalogue déclaré, une nouvelle ligne d'accueil n'est pas un test valable. Si une configuration existe, vérifiez une seule variante sur le même compte avant d'en installer d'autres.

2026-08-28T17:24:12.177Z: Pour poursuivre le diagnostic de Nickelodeon, indiquez appareil, version de Stremio, version de l'addon, exemple de contenu et ressource observée. L'état du répertoire est ONLINE, avec les langues multi ; aucun ne garantit une couverture totale. Ne publiez jamais jetons, clés debrid, mots de passe ou manifestes personnalisés."
"86","Reconfigurer AIO Subtitle PRO sans conserver des entrées en double","reconfigurer-aio-subtitle-pro-sans-conserver-des-entrees-en-double","https://addons-stremio.com/forum/fr/thread/86-reconfigurer-aio-subtitle-pro-sans-conserver-des-entrees-en-double","fr","question","true","Note éditoriale : ce guide est publié par l'équipe addons-stremio.com, et non par un utilisateur indépendant ou le développeur de l'addon.

Reconfigurer AIO Subtitle PRO sans conserver des entrées en double

Une nouvelle configuration peut produire un autre manifeste. Testez-la avant de supprimer l'ancienne et gardez une seule variante.

Données vérifiées dans le répertoire
- Version: 2.7.1
- État dans le répertoire: ONLINE
- Types de médias déclarés: movie, series
- Catégories: movies, tv-shows, subtitles
- Langues déclarées: multi
- Ressources du manifeste: subtitles
- Entrées de catalogue: 0
- Page de configuration: disponible

Procédure pratique
1. Contrôlez la zone correspondant à la ressource déclarée ; tous les addons ne créent pas de catalogue.
2. Ouvrez la fiche de l'addon et comparez sa version et ses ressources avec les données ci-dessous.

Le manifeste de AIO Subtitle PRO expose actuellement subtitles, avec une configuration disponible. Ces faits déterminent le parcours d'installation et la zone correcte de l'interface. Ils ne garantissent pas un résultat pour chaque titre, région ou fournisseur.

Cette page utilise le manifeste enregistré et la surveillance du répertoire. Elle n'invente ni compatibilité, vitesse, disponibilité ou accès légal ; les données peuvent évoluer.","Subtitles","https://addons-stremio.com/forum/fr/category/subtitrari","AIO Subtitle PRO","https://addons-stremio.com/addon/aio-subtitle-pro","3","2026-08-28T17:24:12.140Z","2026-08-28T17:24:12.157Z","2026-08-28T17:24:12.137Z","","2026-08-28T17:24:12.150Z: Établissez une base reproductible pour AIO Subtitle PRO. Notez la version 2.7.1 et les ressources subtitles sans supprimer les réglages. Redémarrez Stremio et testez un titre compatible. Précisez si l'élément absent est le catalogue, les métadonnées, les sous-titres ou la source lisible : ce sont quatre problèmes différents.

2026-08-28T17:24:12.151Z: AIO Subtitle PRO déclare les types movie, series et 0 entrées de catalogue. Sa configuration est disponible. Sans catalogue déclaré, une nouvelle ligne d'accueil n'est pas un test valable. Si une configuration existe, vérifiez une seule variante sur le même compte avant d'en installer d'autres.

2026-08-28T17:24:12.155Z: Pour poursuivre le diagnostic de AIO Subtitle PRO, indiquez appareil, version de Stremio, version de l'addon, exemple de contenu et ressource observée. L'état du répertoire est ONLINE, avec les langues multi ; aucun ne garantit une couverture totale. Ne publiez jamais jetons, clés debrid, mots de passe ou manifestes personnalisés."
"85","Comprendre le manifeste de OpenSubtitles v3 avant de modifier les réglages","comprendre-le-manifeste-de-opensubtitles-v3-avant-de-modifier-les-reglages","https://addons-stremio.com/forum/fr/thread/85-comprendre-le-manifeste-de-opensubtitles-v3-avant-de-modifier-les-reglages","fr","question","true","Note éditoriale : ce guide est publié par l'équipe addons-stremio.com, et non par un utilisateur indépendant ou le développeur de l'addon.

Comprendre le manifeste de OpenSubtitles v3 avant de modifier les réglages

Lire les ressources déclarées évite d'attendre une lecture vidéo d'un addon limité au catalogue, aux métadonnées ou aux sous-titres.

Données vérifiées dans le répertoire
- Version: 1.0.0
- État dans le répertoire: ONLINE
- Types de médias déclarés: movie, series
- Catégories: movies, tv-shows, subtitles
- Langues déclarées: multi
- Ressources du manifeste: subtitles
- Entrées de catalogue: 0
- Page de configuration: non indiquée

Procédure pratique
1. Installez depuis le compte Stremio de l'appareil cible, puis redémarrez ou actualisez le client.
2. Testez un film ou une série connue, notez le résultat et ne modifiez qu'un réglage à la fois.

Le manifeste de OpenSubtitles v3 expose actuellement subtitles, avec une configuration non indiquée. Ces faits déterminent le parcours d'installation et la zone correcte de l'interface. Ils ne garantissent pas un résultat pour chaque titre, région ou fournisseur.

Cette page utilise le manifeste enregistré et la surveillance du répertoire. Elle n'invente ni compatibilité, vitesse, disponibilité ou accès légal ; les données peuvent évoluer.","Subtitles","https://addons-stremio.com/forum/fr/category/subtitrari","OpenSubtitles v3","https://addons-stremio.com/addon/opensubtitles-v3","3","2026-08-28T17:24:12.107Z","2026-08-28T17:24:12.131Z","2026-08-28T17:24:12.105Z","de:https://addons-stremio.com/forum/de/thread/105-das-manifest-von-opensubtitles-v3-verstehen-bevor-einstellungen-geandert-werden|en:https://addons-stremio.com/forum/en/thread/5-understanding-the-opensubtitles-v3-manifest-before-changing-any-settings|es:https://addons-stremio.com/forum/es/thread/45-como-interpretar-el-manifiesto-de-opensubtitles-v3-antes-de-cambiar-ajustes|fr:https://addons-stremio.com/forum/fr/thread/85-comprendre-le-manifeste-de-opensubtitles-v3-avant-de-modifier-les-reglages|pt-br:https://addons-stremio.com/forum/pt-br/thread/65-como-entender-o-manifesto-do-opensubtitles-v3-antes-de-alterar-configuracoes|ro:https://addons-stremio.com/forum/ro/thread/25-cum-citesti-manifestul-opensubtitles-v3-inainte-sa-modifici-setarile","2026-08-28T17:24:12.114Z: Établissez une base reproductible pour OpenSubtitles v3. Notez la version 1.0.0 et les ressources subtitles sans supprimer les réglages. Redémarrez Stremio et testez un titre compatible. Précisez si l'élément absent est le catalogue, les métadonnées, les sous-titres ou la source lisible : ce sont quatre problèmes différents.

2026-08-28T17:24:12.118Z: OpenSubtitles v3 déclare les types movie, series et 0 entrées de catalogue. Sa configuration est non indiquée. Sans catalogue déclaré, une nouvelle ligne d'accueil n'est pas un test valable. Si une configuration existe, vérifiez une seule variante sur le même compte avant d'en installer d'autres.

2026-08-28T17:24:12.126Z: Pour poursuivre le diagnostic de OpenSubtitles v3, indiquez appareil, version de Stremio, version de l'addon, exemple de contenu et ressource observée. L'état du répertoire est ONLINE, avec les langues multi ; aucun ne garantit une couverture totale. Ne publiez jamais jetons, clés debrid, mots de passe ou manifestes personnalisés."
"84","Comet | ElfHosted est installé mais aucun nouveau catalogue n'apparaît : diagnostic méthodique","comet-elfhosted-est-installe-mais-aucun-nouveau-catalogue-n-apparait-diagnostic-methodique","https://addons-stremio.com/forum/fr/thread/84-comet-elfhosted-est-installe-mais-aucun-nouveau-catalogue-n-apparait-diagnostic-methodique","fr","question","true","Note éditoriale : ce guide est publié par l'équipe addons-stremio.com, et non par un utilisateur indépendant ou le développeur de l'addon.

Comet | ElfHosted est installé mais aucun nouveau catalogue n'apparaît : diagnostic méthodique

L'absence de catalogue ne prouve pas un échec : flux, métadonnées et sous-titres peuvent fonctionner sans nouvelle ligne d'accueil.

Données vérifiées dans le répertoire
- Version: 2.0.0
- État dans le répertoire: ONLINE
- Types de médias déclarés: movie, series, anime, other
- Catégories: movies, tv-shows, anime, debrid, torrents
- Langues déclarées: multi
- Ressources du manifeste: stream
- Entrées de catalogue: 0
- Page de configuration: disponible

Procédure pratique
1. Utilisez la configuration uniquement lorsqu'elle est indiquée et terminez les choix avant l'installation.
2. Contrôlez la zone correspondant à la ressource déclarée ; tous les addons ne créent pas de catalogue.

Le manifeste de Comet | ElfHosted expose actuellement stream, avec une configuration disponible. Ces faits déterminent le parcours d'installation et la zone correcte de l'interface. Ils ne garantissent pas un résultat pour chaque titre, région ou fournisseur.

Cette page utilise le manifeste enregistré et la surveillance du répertoire. Elle n'invente ni compatibilité, vitesse, disponibilité ou accès légal ; les données peuvent évoluer.","Anime","https://addons-stremio.com/forum/fr/category/anime","Comet | ElfHosted","https://addons-stremio.com/addon/comet","3","2026-08-28T17:24:12.079Z","2026-08-28T17:24:12.098Z","2026-08-28T17:24:12.078Z","de:https://addons-stremio.com/forum/de/thread/104-comet-elfhosted-ist-installiert-aber-kein-neuer-katalog-erscheint-systematische-diagnose|en:https://addons-stremio.com/forum/en/thread/4-comet-elfhosted-is-installed-but-no-new-catalog-appears-a-structured-diagnosis|es:https://addons-stremio.com/forum/es/thread/44-comet-elfhosted-esta-instalado-pero-no-aparece-un-catalogo-nuevo-diagnostico-ordenado|fr:https://addons-stremio.com/forum/fr/thread/84-comet-elfhosted-est-installe-mais-aucun-nouveau-catalogue-n-apparait-diagnostic-methodique|pt-br:https://addons-stremio.com/forum/pt-br/thread/64-comet-elfhosted-esta-instalado-mas-nenhum-catalogo-novo-aparece-diagnostico-pratico|ro:https://addons-stremio.com/forum/ro/thread/24-comet-elfhosted-este-instalat-dar-nu-apare-un-catalog-nou-diagnostic-pas-cu-pas","2026-08-28T17:24:12.090Z: Établissez une base reproductible pour Comet | ElfHosted. Notez la version 2.0.0 et les ressources stream sans supprimer les réglages. Redémarrez Stremio et testez un titre compatible. Précisez si l'élément absent est le catalogue, les métadonnées, les sous-titres ou la source lisible : ce sont quatre problèmes différents.

2026-08-28T17:24:12.093Z: Comet | ElfHosted déclare les types movie, series, anime, other et 0 entrées de catalogue. Sa configuration est disponible. Sans catalogue déclaré, une nouvelle ligne d'accueil n'est pas un test valable. Si une configuration existe, vérifiez une seule variante sur le même compte avant d'en installer d'autres.

2026-08-28T17:24:12.097Z: Pour poursuivre le diagnostic de Comet | ElfHosted, indiquez appareil, version de Stremio, version de l'addon, exemple de contenu et ressource observée. L'état du répertoire est ONLINE, avec les langues multi ; aucun ne garantit une couverture totale. Ne publiez jamais jetons, clés debrid, mots de passe ou manifestes personnalisés."
"83","Installer Torrentio et vérifier précisément ce qu'il ajoute à Stremio","installer-torrentio-et-verifier-precisement-ce-qu-il-ajoute-a-stremio","https://addons-stremio.com/forum/fr/thread/83-installer-torrentio-et-verifier-precisement-ce-qu-il-ajoute-a-stremio","fr","discussion","true","Note éditoriale : ce guide est publié par l'équipe addons-stremio.com, et non par un utilisateur indépendant ou le développeur de l'addon.

Installer Torrentio et vérifier précisément ce qu'il ajoute à Stremio

L'installation n'est terminée qu'après avoir confirmé les ressources ajoutées au compte, pas simplement après un clic.

Données vérifiées dans le répertoire
- Version: 0.0.15
- État dans le répertoire: ONLINE
- Types de médias déclarés: movie, series, anime, other
- Catégories: movies, tv-shows, anime, debrid, torrents
- Langues déclarées: multi
- Ressources du manifeste: stream
- Entrées de catalogue: 0
- Page de configuration: disponible

Procédure pratique
1. Ouvrez la fiche de l'addon et comparez sa version et ses ressources avec les données ci-dessous.
2. Installez depuis le compte Stremio de l'appareil cible, puis redémarrez ou actualisez le client.

Le manifeste de Torrentio expose actuellement stream, avec une configuration disponible. Ces faits déterminent le parcours d'installation et la zone correcte de l'interface. Ils ne garantissent pas un résultat pour chaque titre, région ou fournisseur.

Cette page utilise le manifeste enregistré et la surveillance du répertoire. Elle n'invente ni compatibilité, vitesse, disponibilité ou accès légal ; les données peuvent évoluer.","Anime","https://addons-stremio.com/forum/fr/category/anime","Torrentio","https://addons-stremio.com/addon/torrentio","3","2026-08-28T17:24:12.061Z","2026-08-28T17:24:12.061Z","2026-08-28T17:24:12.060Z","de:https://addons-stremio.com/forum/de/thread/103-torrentio-installieren-und-genau-prufen-was-das-addon-zu-stremio-hinzufugt|en:https://addons-stremio.com/forum/en/thread/3-how-to-install-torrentio-and-verify-exactly-what-it-adds-to-stremio|es:https://addons-stremio.com/forum/es/thread/43-como-instalar-torrentio-y-comprobar-exactamente-que-anade-a-stremio|fr:https://addons-stremio.com/forum/fr/thread/83-installer-torrentio-et-verifier-precisement-ce-qu-il-ajoute-a-stremio|pt-br:https://addons-stremio.com/forum/pt-br/thread/63-como-instalar-torrentio-e-confirmar-exatamente-o-que-ele-adiciona-ao-stremio|ro:https://addons-stremio.com/forum/ro/thread/23-cum-instalezi-torrentio-si-verifici-exact-ce-adauga-in-stremio","2026-08-28T17:24:12.067Z: Établissez une base reproductible pour Torrentio. Notez la version 0.0.15 et les ressources stream sans supprimer les réglages. Redémarrez Stremio et testez un titre compatible. Précisez si l'élément absent est le catalogue, les métadonnées, les sous-titres ou la source lisible : ce sont quatre problèmes différents.

2026-08-28T17:24:12.069Z: Torrentio déclare les types movie, series, anime, other et 0 entrées de catalogue. Sa configuration est disponible. Sans catalogue déclaré, une nouvelle ligne d'accueil n'est pas un test valable. Si une configuration existe, vérifiez une seule variante sur le même compte avant d'en installer d'autres.

2026-08-28T17:24:12.070Z: Pour poursuivre le diagnostic de Torrentio, indiquez appareil, version de Stremio, version de l'addon, exemple de contenu et ressource observée. L'état du répertoire est ONLINE, avec les langues multi ; aucun ne garantit une couverture totale. Ne publiez jamais jetons, clés debrid, mots de passe ou manifestes personnalisés."
"82","Cuidados de privacidade antes de inserir credenciais na configuração do IMDb Ratings","cuidados-de-privacidade-antes-de-inserir-credenciais-na-configuracao-do-imdb-ratings","https://addons-stremio.com/forum/pt-br/thread/82-cuidados-de-privacidade-antes-de-inserir-credenciais-na-configuracao-do-imdb-ratings","pt-br","question","true","Nota editorial: este guia é publicado pela equipe do addons-stremio.com, não por um usuário independente nem pelo desenvolvedor do addon.

Cuidados de privacidade antes de inserir credenciais na configuração do IMDb Ratings

A página de configuração é externa. Confira o domínio e os dados pedidos e nunca forneça credenciais desnecessárias.

Dados verificados no diretório
- Versão: 1.0.0
- Status no diretório: ONLINE
- Tipos de mídia declarados: movie, series
- Categorias: movies, tv-shows, anime
- Idiomas declarados: multi
- Recursos do manifesto: stream
- Entradas de catálogo: 0
- Página de configuração: disponível

Procedimento prático
1. Teste um filme ou série conhecido, anote o resultado e altere uma opção por vez.
2. Use a configuração somente quando indicada e conclua as opções antes de instalar o manifesto gerado.

O manifesto do IMDb Ratings expõe atualmente stream, e a configuração está disponível. Esses fatos definem o caminho de instalação e o local correto da interface. Eles não garantem resultado para todo título, região ou provedor.

Esta página usa o manifesto armazenado e o monitoramento do diretório. Ela não inventa suporte, velocidade, disponibilidade ou acesso legal; os dados podem mudar após atualizações.","Issues & Troubleshooting","https://addons-stremio.com/forum/pt-br/category/probleme","IMDb Ratings","https://addons-stremio.com/addon/imdb-ratings","3","2026-08-28T17:24:12.038Z","2026-08-28T17:30:44.514Z","2026-08-28T17:24:12.037Z","","2026-08-28T17:24:12.046Z: Monte uma base reproduzível para IMDb Ratings: registre a versão 1.0.0 e os recursos stream sem apagar configurações. Reinicie o Stremio e teste um título compatível. Informe se falta catálogo, metadados, legenda ou fonte reproduzível; são falhas diferentes e não devem ser resumidas apenas como “não funciona”.

2026-08-28T17:24:12.048Z: IMDb Ratings declara os tipos movie, series e 0 entradas de catálogo. A configuração está disponível. Se não houver catálogo declarado, uma nova linha não é um teste válido. Quando houver configuração, mantenha uma variante até verificá-la na mesma conta antes de instalar outras.

2026-08-28T17:24:12.049Z: Para continuar o diagnóstico do IMDb Ratings, informe dispositivo, versão do Stremio, versão do addon, exemplo de conteúdo e recurso observado. O status no diretório é ONLINE, com idiomas declarados multi; nenhum garante cobertura integral. Não publique tokens, chaves de debrid, senhas ou manifestos personalizados."
"81","Recuperando One Pace Addon após um problema de cache ou sincronização do Stremio","recuperando-one-pace-addon-apos-um-problema-de-cache-ou-sincronizacao-do-stremio","https://addons-stremio.com/forum/pt-br/thread/81-recuperando-one-pace-addon-apos-um-problema-de-cache-ou-sincronizacao-do-stremio","pt-br","question","true","Nota editorial: este guia é publicado pela equipe do addons-stremio.com, não por um usuário independente nem pelo desenvolvedor do addon.

Recuperando One Pace Addon após um problema de cache ou sincronização do Stremio

Sintomas de cache devem ser testados com sincronização e reinício, sem reinstalações sucessivas.

Dados verificados no diretório
- Versão: 3.0.0
- Status no diretório: ONLINE
- Tipos de mídia declarados: series
- Categorias: tv-shows, metadata
- Idiomas declarados: multi
- Recursos do manifesto: catalog, meta, stream
- Entradas de catálogo: 1
- Página de configuração: não indicada

Procedimento prático
1. Verifique a área correspondente ao recurso declarado; nem todo addon cria uma linha de catálogo.
2. Abra a página do addon e compare versão e recursos atuais com os dados abaixo.

O manifesto do One Pace Addon expõe atualmente catalog, meta, stream, e a configuração está não indicada. Esses fatos definem o caminho de instalação e o local correto da interface. Eles não garantem resultado para todo título, região ou provedor.

Esta página usa o manifesto armazenado e o monitoramento do diretório. Ela não inventa suporte, velocidade, disponibilidade ou acesso legal; os dados podem mudar após atualizações.","General","https://addons-stremio.com/forum/pt-br/category/general","One Pace Addon","https://addons-stremio.com/addon/one-pace-addon","3","2026-08-28T17:24:12.012Z","2026-08-28T17:30:44.861Z","2026-08-28T17:24:12.011Z","","2026-08-28T17:24:12.018Z: Monte uma base reproduzível para One Pace Addon: registre a versão 3.0.0 e os recursos catalog, meta, stream sem apagar configurações. Reinicie o Stremio e teste um título compatível. Informe se falta catálogo, metadados, legenda ou fonte reproduzível; são falhas diferentes e não devem ser resumidas apenas como “não funciona”.

2026-08-28T17:24:12.020Z: One Pace Addon declara os tipos series e 1 entradas de catálogo. A configuração está não indicada. Se não houver catálogo declarado, uma nova linha não é um teste válido. Quando houver configuração, mantenha uma variante até verificá-la na mesma conta antes de instalar outras.

2026-08-28T17:24:12.021Z: Para continuar o diagnóstico do One Pace Addon, informe dispositivo, versão do Stremio, versão do addon, exemplo de conteúdo e recurso observado. O status no diretório é ONLINE, com idiomas declarados multi; nenhum garante cobertura integral. Não publique tokens, chaves de debrid, senhas ou manifestos personalizados."
"80","O StremVerse fornece filmes, séries, TV ao vivo ou somente dados auxiliares?","o-stremverse-fornece-filmes-series-tv-ao-vivo-ou-somente-dados-auxiliares","https://addons-stremio.com/forum/pt-br/thread/80-o-stremverse-fornece-filmes-series-tv-ao-vivo-ou-somente-dados-auxiliares","pt-br","discussion","true","Nota editorial: este guia é publicado pela equipe do addons-stremio.com, não por um usuário independente nem pelo desenvolvedor do addon.

O StremVerse fornece filmes, séries, TV ao vivo ou somente dados auxiliares?

Tipos descrevem mídias compatíveis; recursos descrevem o que o addon efetivamente entrega para elas.

Dados verificados no diretório
- Versão: 2.1.0
- Status no diretório: ONLINE
- Tipos de mídia declarados: tv
- Categorias: sports, live-tv, metadata
- Idiomas declarados: multi
- Recursos do manifesto: catalog, meta, stream
- Entradas de catálogo: 5
- Página de configuração: não indicada

Procedimento prático
1. Instale na conta Stremio usada no dispositivo de destino e depois reinicie ou atualize o cliente.
2. Teste um filme ou série conhecido, anote o resultado e altere uma opção por vez.

O manifesto do StremVerse expõe atualmente catalog, meta, stream, e a configuração está não indicada. Esses fatos definem o caminho de instalação e o local correto da interface. Eles não garantem resultado para todo título, região ou provedor.

Esta página usa o manifesto armazenado e o monitoramento do diretório. Ela não inventa suporte, velocidade, disponibilidade ou acesso legal; os dados podem mudar após atualizações.","Live TV","https://addons-stremio.com/forum/pt-br/category/live-tv","StremVerse","https://addons-stremio.com/addon/stremverse","3","2026-08-28T17:24:11.987Z","2026-08-28T17:24:11.987Z","2026-08-28T17:24:11.985Z","","2026-08-28T17:24:11.999Z: Monte uma base reproduzível para StremVerse: registre a versão 2.1.0 e os recursos catalog, meta, stream sem apagar configurações. Reinicie o Stremio e teste um título compatível. Informe se falta catálogo, metadados, legenda ou fonte reproduzível; são falhas diferentes e não devem ser resumidas apenas como “não funciona”.

2026-08-28T17:24:12.000Z: StremVerse declara os tipos tv e 5 entradas de catálogo. A configuração está não indicada. Se não houver catálogo declarado, uma nova linha não é um teste válido. Quando houver configuração, mantenha uma variante até verificá-la na mesma conta antes de instalar outras.

2026-08-28T17:24:12.002Z: Para continuar o diagnóstico do StremVerse, informe dispositivo, versão do Stremio, versão do addon, exemplo de conteúdo e recurso observado. O status no diretório é ONLINE, com idiomas declarados multi; nenhum garante cobertura integral. Não publique tokens, chaves de debrid, senhas ou manifestos personalizados."
"79","Como reduzir linhas duplicadas depois de adicionar Subtito","como-reduzir-linhas-duplicadas-depois-de-adicionar-subtito","https://addons-stremio.com/forum/pt-br/thread/79-como-reduzir-linhas-duplicadas-depois-de-adicionar-subtito","pt-br","question","true","Nota editorial: este guia é publicado pela equipe do addons-stremio.com, não por um usuário independente nem pelo desenvolvedor do addon.

Como reduzir linhas duplicadas depois de adicionar Subtito

Linhas duplicadas normalmente vêm de duas variantes de manifesto. Descubra qual deve ficar antes de remover.

Dados verificados no diretório
- Versão: 1.6.1
- Status no diretório: ONLINE
- Tipos de mídia declarados: series, movie, anime
- Categorias: movies, tv-shows, anime, subtitles
- Idiomas declarados: multi
- Recursos do manifesto: subtitles
- Entradas de catálogo: 0
- Página de configuração: disponível

Procedimento prático
1. Use a configuração somente quando indicada e conclua as opções antes de instalar o manifesto gerado.
2. Verifique a área correspondente ao recurso declarado; nem todo addon cria uma linha de catálogo.

O manifesto do Subtito expõe atualmente subtitles, e a configuração está disponível. Esses fatos definem o caminho de instalação e o local correto da interface. Eles não garantem resultado para todo título, região ou provedor.

Esta página usa o manifesto armazenado e o monitoramento do diretório. Ela não inventa suporte, velocidade, disponibilidade ou acesso legal; os dados podem mudar após atualizações.","Subtitles","https://addons-stremio.com/forum/pt-br/category/subtitrari","Subtito","https://addons-stremio.com/addon/subtito","3","2026-08-28T17:24:11.964Z","2026-08-28T17:24:11.979Z","2026-08-28T17:24:11.963Z","","2026-08-28T17:24:11.974Z: Monte uma base reproduzível para Subtito: registre a versão 1.6.1 e os recursos subtitles sem apagar configurações. Reinicie o Stremio e teste um título compatível. Informe se falta catálogo, metadados, legenda ou fonte reproduzível; são falhas diferentes e não devem ser resumidas apenas como “não funciona”.

2026-08-28T17:24:11.976Z: Subtito declara os tipos series, movie, anime e 0 entradas de catálogo. A configuração está disponível. Se não houver catálogo declarado, uma nova linha não é um teste válido. Quando houver configuração, mantenha uma variante até verificá-la na mesma conta antes de instalar outras.

2026-08-28T17:24:11.977Z: Para continuar o diagnóstico do Subtito, informe dispositivo, versão do Stremio, versão do addon, exemplo de conteúdo e recurso observado. O status no diretório é ONLINE, com idiomas declarados multi; nenhum garante cobertura integral. Não publique tokens, chaves de debrid, senhas ou manifestos personalizados."
"78","Diferenças do IndexaBR entre computador e televisão","diferencas-do-indexabr-entre-computador-e-televisao","https://addons-stremio.com/forum/pt-br/thread/78-diferencas-do-indexabr-entre-computador-e-televisao","pt-br","discussion","true","Nota editorial: este guia é publicado pela equipe do addons-stremio.com, não por um usuário independente nem pelo desenvolvedor do addon.

Diferenças do IndexaBR entre computador e televisão

Computador e TV podem manter caches diferentes. Compare usando a mesma conta e depois de atualizar ambos.

Dados verificados no diretório
- Versão: 2.0.0
- Status no diretório: ONLINE
- Tipos de mídia declarados: movie, series
- Categorias: movies, tv-shows, debrid, torrents
- Idiomas declarados: multi
- Recursos do manifesto: stream
- Entradas de catálogo: 0
- Página de configuração: disponível

Procedimento prático
1. Abra a página do addon e compare versão e recursos atuais com os dados abaixo.
2. Instale na conta Stremio usada no dispositivo de destino e depois reinicie ou atualize o cliente.

O manifesto do IndexaBR expõe atualmente stream, e a configuração está disponível. Esses fatos definem o caminho de instalação e o local correto da interface. Eles não garantem resultado para todo título, região ou provedor.

Esta página usa o manifesto armazenado e o monitoramento do diretório. Ela não inventa suporte, velocidade, disponibilidade ou acesso legal; os dados podem mudar após atualizações.","Debrid","https://addons-stremio.com/forum/pt-br/category/debrid","IndexaBR","https://addons-stremio.com/addon/indexabr","3","2026-08-28T17:24:11.940Z","2026-08-28T17:24:11.940Z","2026-08-28T17:24:11.939Z","","2026-08-28T17:24:11.947Z: Monte uma base reproduzível para IndexaBR: registre a versão 2.0.0 e os recursos stream sem apagar configurações. Reinicie o Stremio e teste um título compatível. Informe se falta catálogo, metadados, legenda ou fonte reproduzível; são falhas diferentes e não devem ser resumidas apenas como “não funciona”.

2026-08-28T17:24:11.953Z: IndexaBR declara os tipos movie, series e 0 entradas de catálogo. A configuração está disponível. Se não houver catálogo declarado, uma nova linha não é um teste válido. Quando houver configuração, mantenha uma variante até verificá-la na mesma conta antes de instalar outras.

2026-08-28T17:24:11.955Z: Para continuar o diagnóstico do IndexaBR, informe dispositivo, versão do Stremio, versão do addon, exemplo de conteúdo e recurso observado. O status no diretório é ONLINE, com idiomas declarados multi; nenhum garante cobertura integral. Não publique tokens, chaves de debrid, senhas ou manifestos personalizados."
"77","Quais informações reunir antes de relatar um problema no animeo","quais-informacoes-reunir-antes-de-relatar-um-problema-no-animeo","https://addons-stremio.com/forum/pt-br/thread/77-quais-informacoes-reunir-antes-de-relatar-um-problema-no-animeo","pt-br","question","true","Nota editorial: este guia é publicado pela equipe do addons-stremio.com, não por um usuário independente nem pelo desenvolvedor do addon.

Quais informações reunir antes de relatar um problema no animeo

Um relato útil inclui versão, dispositivo, identificador, recurso esperado e o passo exato em que algo mudou.

Dados verificados no diretório
- Versão: 0.0.4
- Status no diretório: ONLINE
- Tipos de mídia declarados: movie, series
- Categorias: movies, tv-shows, anime, subtitles
- Idiomas declarados: multi
- Recursos do manifesto: subtitles
- Entradas de catálogo: 5
- Página de configuração: disponível

Procedimento prático
1. Teste um filme ou série conhecido, anote o resultado e altere uma opção por vez.
2. Use a configuração somente quando indicada e conclua as opções antes de instalar o manifesto gerado.

O manifesto do animeo expõe atualmente subtitles, e a configuração está disponível. Esses fatos definem o caminho de instalação e o local correto da interface. Eles não garantem resultado para todo título, região ou provedor.

Esta página usa o manifesto armazenado e o monitoramento do diretório. Ela não inventa suporte, velocidade, disponibilidade ou acesso legal; os dados podem mudar após atualizações.","Issues & Troubleshooting","https://addons-stremio.com/forum/pt-br/category/probleme","animeo","https://addons-stremio.com/addon/animeo","3","2026-08-28T17:24:11.914Z","2026-08-28T17:24:11.931Z","2026-08-28T17:24:11.913Z","","2026-08-28T17:24:11.921Z: Monte uma base reproduzível para animeo: registre a versão 0.0.4 e os recursos subtitles sem apagar configurações. Reinicie o Stremio e teste um título compatível. Informe se falta catálogo, metadados, legenda ou fonte reproduzível; são falhas diferentes e não devem ser resumidas apenas como “não funciona”.

2026-08-28T17:24:11.928Z: animeo declara os tipos movie, series e 5 entradas de catálogo. A configuração está disponível. Se não houver catálogo declarado, uma nova linha não é um teste válido. Quando houver configuração, mantenha uma variante até verificá-la na mesma conta antes de instalar outras.

2026-08-28T17:24:11.930Z: Para continuar o diagnóstico do animeo, informe dispositivo, versão do Stremio, versão do addon, exemplo de conteúdo e recurso observado. O status no diretório é ONLINE, com idiomas declarados multi; nenhum garante cobertura integral. Não publique tokens, chaves de debrid, senhas ou manifestos personalizados."
"76","Como verificar o manifesto do Stremboxd sem concluir que o serviço caiu","como-verificar-o-manifesto-do-stremboxd-sem-concluir-que-o-servico-caiu","https://addons-stremio.com/forum/pt-br/thread/76-como-verificar-o-manifesto-do-stremboxd-sem-concluir-que-o-servico-caiu","pt-br","question","true","Nota editorial: este guia é publicado pela equipe do addons-stremio.com, não por um usuário independente nem pelo desenvolvedor do addon.

Como verificar o manifesto do Stremboxd sem concluir que o serviço caiu

Manifesto acessível e fonte reproduzível são testes diferentes. O estado do diretório é o último resultado monitorado.

Dados verificados no diretório
- Versão: 1.2.3
- Status no diretório: ONLINE
- Tipos de mídia declarados: movie
- Categorias: movies, documentaries, music, metadata
- Idiomas declarados: multi
- Recursos do manifesto: catalog, meta
- Entradas de catálogo: 3
- Página de configuração: disponível

Procedimento prático
1. Verifique a área correspondente ao recurso declarado; nem todo addon cria uma linha de catálogo.
2. Abra a página do addon e compare versão e recursos atuais com os dados abaixo.

O manifesto do Stremboxd expõe atualmente catalog, meta, e a configuração está disponível. Esses fatos definem o caminho de instalação e o local correto da interface. Eles não garantem resultado para todo título, região ou provedor.

Esta página usa o manifesto armazenado e o monitoramento do diretório. Ela não inventa suporte, velocidade, disponibilidade ou acesso legal; os dados podem mudar após atualizações.","Issues & Troubleshooting","https://addons-stremio.com/forum/pt-br/category/probleme","Stremboxd","https://addons-stremio.com/addon/stremboxd","3","2026-08-28T17:24:11.889Z","2026-08-28T17:24:11.902Z","2026-08-28T17:24:11.888Z","","2026-08-28T17:24:11.893Z: Monte uma base reproduzível para Stremboxd: registre a versão 1.2.3 e os recursos catalog, meta sem apagar configurações. Reinicie o Stremio e teste um título compatível. Informe se falta catálogo, metadados, legenda ou fonte reproduzível; são falhas diferentes e não devem ser resumidas apenas como “não funciona”.

2026-08-28T17:24:11.898Z: Stremboxd declara os tipos movie e 3 entradas de catálogo. A configuração está disponível. Se não houver catálogo declarado, uma nova linha não é um teste válido. Quando houver configuração, mantenha uma variante até verificá-la na mesma conta antes de instalar outras.

2026-08-28T17:24:11.900Z: Para continuar o diagnóstico do Stremboxd, informe dispositivo, versão do Stremio, versão do addon, exemplo de conteúdo e recurso observado. O status no diretório é ONLINE, com idiomas declarados multi; nenhum garante cobertura integral. Não publique tokens, chaves de debrid, senhas ou manifestos personalizados."
"75","Por que SeedSphere (Private) funciona em um título e não funciona em outro","por-que-seedsphere-private-funciona-em-um-titulo-e-nao-funciona-em-outro","https://addons-stremio.com/forum/pt-br/thread/75-por-que-seedsphere-private-funciona-em-um-titulo-e-nao-funciona-em-outro","pt-br","question","true","Nota editorial: este guia é publicado pela equipe do addons-stremio.com, não por um usuário independente nem pelo desenvolvedor do addon.

Por que SeedSphere (Private) funciona em um título e não funciona em outro

Diferenças por título costumam envolver identificadores e tipos. Dois exemplos distinguem indisponibilidade de lacuna de cobertura.

Dados verificados no diretório
- Versão: 2.3.22
- Status no diretório: ONLINE
- Tipos de mídia declarados: movie, series, anime
- Categorias: movies, tv-shows, anime, metadata
- Idiomas declarados: multi
- Recursos do manifesto: catalog, stream
- Entradas de catálogo: 2
- Página de configuração: disponível

Procedimento prático
1. Instale na conta Stremio usada no dispositivo de destino e depois reinicie ou atualize o cliente.
2. Teste um filme ou série conhecido, anote o resultado e altere uma opção por vez.

O manifesto do SeedSphere (Private) expõe atualmente catalog, stream, e a configuração está disponível. Esses fatos definem o caminho de instalação e o local correto da interface. Eles não garantem resultado para todo título, região ou provedor.

Esta página usa o manifesto armazenado e o monitoramento do diretório. Ela não inventa suporte, velocidade, disponibilidade ou acesso legal; os dados podem mudar após atualizações.","Anime","https://addons-stremio.com/forum/pt-br/category/anime","SeedSphere (Private)","https://addons-stremio.com/addon/seedsphere","3","2026-08-28T17:24:11.861Z","2026-08-28T17:24:11.876Z","2026-08-28T17:24:11.860Z","","2026-08-28T17:24:11.868Z: Monte uma base reproduzível para SeedSphere (Private): registre a versão 2.3.22 e os recursos catalog, stream sem apagar configurações. Reinicie o Stremio e teste um título compatível. Informe se falta catálogo, metadados, legenda ou fonte reproduzível; são falhas diferentes e não devem ser resumidas apenas como “não funciona”.

2026-08-28T17:24:11.872Z: SeedSphere (Private) declara os tipos movie, series, anime e 2 entradas de catálogo. A configuração está disponível. Se não houver catálogo declarado, uma nova linha não é um teste válido. Quando houver configuração, mantenha uma variante até verificá-la na mesma conta antes de instalar outras.

2026-08-28T17:24:11.874Z: Para continuar o diagnóstico do SeedSphere (Private), informe dispositivo, versão do Stremio, versão do addon, exemplo de conteúdo e recurso observado. O status no diretório é ONLINE, com idiomas declarados multi; nenhum garante cobertura integral. Não publique tokens, chaves de debrid, senhas ou manifestos personalizados."
"74","Como verificar problemas de idioma e região nos resultados do Bharat Binge","como-verificar-problemas-de-idioma-e-regiao-nos-resultados-do-bharat-binge","https://addons-stremio.com/forum/pt-br/thread/74-como-verificar-problemas-de-idioma-e-regiao-nos-resultados-do-bharat-binge","pt-br","question","true","Nota editorial: este guia é publicado pela equipe do addons-stremio.com, não por um usuário independente nem pelo desenvolvedor do addon.

Como verificar problemas de idioma e região nos resultados do Bharat Binge

Idiomas declarados indicam cobertura geral, não garantem áudio, metadados ou legendas em todo título.

Dados verificados no diretório
- Versão: 1.0.0
- Status no diretório: ONLINE
- Tipos de mídia declarados: movie, series
- Categorias: movies, tv-shows, metadata
- Idiomas declarados: hi
- Recursos do manifesto: catalog, meta
- Entradas de catálogo: 7
- Página de configuração: disponível

Procedimento prático
1. Use a configuração somente quando indicada e conclua as opções antes de instalar o manifesto gerado.
2. Verifique a área correspondente ao recurso declarado; nem todo addon cria uma linha de catálogo.

O manifesto do Bharat Binge expõe atualmente catalog, meta, e a configuração está disponível. Esses fatos definem o caminho de instalação e o local correto da interface. Eles não garantem resultado para todo título, região ou provedor.

Esta página usa o manifesto armazenado e o monitoramento do diretório. Ela não inventa suporte, velocidade, disponibilidade ou acesso legal; os dados podem mudar após atualizações.","Issues & Troubleshooting","https://addons-stremio.com/forum/pt-br/category/probleme","Bharat Binge","https://addons-stremio.com/addon/bharat-binge","3","2026-08-28T17:24:11.845Z","2026-08-28T17:24:11.855Z","2026-08-28T17:24:11.844Z","","2026-08-28T17:24:11.850Z: Monte uma base reproduzível para Bharat Binge: registre a versão 1.0.0 e os recursos catalog, meta sem apagar configurações. Reinicie o Stremio e teste um título compatível. Informe se falta catálogo, metadados, legenda ou fonte reproduzível; são falhas diferentes e não devem ser resumidas apenas como “não funciona”.

2026-08-28T17:24:11.851Z: Bharat Binge declara os tipos movie, series e 7 entradas de catálogo. A configuração está disponível. Se não houver catálogo declarado, uma nova linha não é um teste válido. Quando houver configuração, mantenha uma variante até verificá-la na mesma conta antes de instalar outras.

2026-08-28T17:24:11.852Z: Para continuar o diagnóstico do Bharat Binge, informe dispositivo, versão do Stremio, versão do addon, exemplo de conteúdo e recurso observado. O status no diretório é ONLINE, com idiomas declarados hi; nenhum garante cobertura integral. Não publique tokens, chaves de debrid, senhas ou manifestos personalizados."
"73","O Cartoon Network exige configuração antes da instalação?","o-cartoon-network-exige-configuracao-antes-da-instalacao","https://addons-stremio.com/forum/pt-br/thread/73-o-cartoon-network-exige-configuracao-antes-da-instalacao","pt-br","discussion","true","Nota editorial: este guia é publicado pela equipe do addons-stremio.com, não por um usuário independente nem pelo desenvolvedor do addon.

O Cartoon Network exige configuração antes da instalação?

Uma URL de configuração é um sinal concreto. Quando ela não existe, não invente opções de provedor.

Dados verificados no diretório
- Versão: 1.0.0
- Status no diretório: ONLINE
- Tipos de mídia declarados: movie, series
- Categorias: movies, tv-shows, kids, metadata
- Idiomas declarados: multi
- Recursos do manifesto: catalog, meta
- Entradas de catálogo: 2
- Página de configuração: não indicada

Procedimento prático
1. Abra a página do addon e compare versão e recursos atuais com os dados abaixo.
2. Instale na conta Stremio usada no dispositivo de destino e depois reinicie ou atualize o cliente.

O manifesto do Cartoon Network expõe atualmente catalog, meta, e a configuração está não indicada. Esses fatos definem o caminho de instalação e o local correto da interface. Eles não garantem resultado para todo título, região ou provedor.

Esta página usa o manifesto armazenado e o monitoramento do diretório. Ela não inventa suporte, velocidade, disponibilidade ou acesso legal; os dados podem mudar após atualizações.","Issues & Troubleshooting","https://addons-stremio.com/forum/pt-br/category/probleme","Cartoon Network","https://addons-stremio.com/addon/cartoon-network","3","2026-08-28T17:24:11.822Z","2026-08-28T17:24:11.822Z","2026-08-28T17:24:11.821Z","","2026-08-28T17:24:11.831Z: Monte uma base reproduzível para Cartoon Network: registre a versão 1.0.0 e os recursos catalog, meta sem apagar configurações. Reinicie o Stremio e teste um título compatível. Informe se falta catálogo, metadados, legenda ou fonte reproduzível; são falhas diferentes e não devem ser resumidas apenas como “não funciona”.

2026-08-28T17:24:11.836Z: Cartoon Network declara os tipos movie, series e 2 entradas de catálogo. A configuração está não indicada. Se não houver catálogo declarado, uma nova linha não é um teste válido. Quando houver configuração, mantenha uma variante até verificá-la na mesma conta antes de instalar outras.

2026-08-28T17:24:11.837Z: Para continuar o diagnóstico do Cartoon Network, informe dispositivo, versão do Stremio, versão do addon, exemplo de conteúdo e recurso observado. O status no diretório é ONLINE, com idiomas declarados multi; nenhum garante cobertura integral. Não publique tokens, chaves de debrid, senhas ou manifestos personalizados."
"72","Como remover e reinstalar AU IPTV (Brisbane) corretamente quando a configuração ficou antiga","como-remover-e-reinstalar-au-iptv-brisbane-corretamente-quando-a-configuracao-ficou-antiga","https://addons-stremio.com/forum/pt-br/thread/72-como-remover-e-reinstalar-au-iptv-brisbane-corretamente-quando-a-configuracao-ficou-antiga","pt-br","question","true","Nota editorial: este guia é publicado pela equipe do addons-stremio.com, não por um usuário independente nem pelo desenvolvedor do addon.

Como remover e reinstalar AU IPTV (Brisbane) corretamente quando a configuração ficou antiga

Registre a configuração atual antes de reinstalar para não perder uma preferência ou chave válida.

Dados verificados no diretório
- Versão: 2.8.1
- Status no diretório: ONLINE
- Tipos de mídia declarados: tv
- Categorias: sports, live-tv, radio, metadata
- Idiomas declarados: multi
- Recursos do manifesto: catalog, meta, stream
- Entradas de catálogo: 1
- Página de configuração: não indicada

Procedimento prático
1. Teste um filme ou série conhecido, anote o resultado e altere uma opção por vez.
2. Use a configuração somente quando indicada e conclua as opções antes de instalar o manifesto gerado.

O manifesto do AU IPTV (Brisbane) expõe atualmente catalog, meta, stream, e a configuração está não indicada. Esses fatos definem o caminho de instalação e o local correto da interface. Eles não garantem resultado para todo título, região ou provedor.

Esta página usa o manifesto armazenado e o monitoramento do diretório. Ela não inventa suporte, velocidade, disponibilidade ou acesso legal; os dados podem mudar após atualizações.","Live TV","https://addons-stremio.com/forum/pt-br/category/live-tv","AU IPTV (Brisbane)","https://addons-stremio.com/addon/au-iptv-brisbane","3","2026-08-28T17:24:11.802Z","2026-08-28T17:24:11.816Z","2026-08-28T17:24:11.801Z","","2026-08-28T17:24:11.806Z: Monte uma base reproduzível para AU IPTV (Brisbane): registre a versão 2.8.1 e os recursos catalog, meta, stream sem apagar configurações. Reinicie o Stremio e teste um título compatível. Informe se falta catálogo, metadados, legenda ou fonte reproduzível; são falhas diferentes e não devem ser resumidas apenas como “não funciona”.

2026-08-28T17:24:11.809Z: AU IPTV (Brisbane) declara os tipos tv e 1 entradas de catálogo. A configuração está não indicada. Se não houver catálogo declarado, uma nova linha não é um teste válido. Quando houver configuração, mantenha uma variante até verificá-la na mesma conta antes de instalar outras.

2026-08-28T17:24:11.814Z: Para continuar o diagnóstico do AU IPTV (Brisbane), informe dispositivo, versão do Stremio, versão do addon, exemplo de conteúdo e recurso observado. O status no diretório é ONLINE, com idiomas declarados multi; nenhum garante cobertura integral. Não publique tokens, chaves de debrid, senhas ou manifestos personalizados."
"71","Catálogo, metadados, stream ou legendas: qual é a função do Anime Catalogs?","catalogo-metadados-stream-ou-legendas-qual-e-a-funcao-do-anime-catalogs","https://addons-stremio.com/forum/pt-br/thread/71-catalogo-metadados-stream-ou-legendas-qual-e-a-funcao-do-anime-catalogs","pt-br","discussion","true","Nota editorial: este guia é publicado pela equipe do addons-stremio.com, não por um usuário independente nem pelo desenvolvedor do addon.

Catálogo, metadados, stream ou legendas: qual é a função do Anime Catalogs?

O manifesto separa funções. Saber qual recurso foi declarado mostra onde o resultado deve aparecer.

Dados verificados no diretório
- Versão: 1.0.3
- Status no diretório: ONLINE
- Tipos de mídia declarados: anime, movie, series
- Categorias: movies, tv-shows, anime, metadata
- Idiomas declarados: multi
- Recursos do manifesto: catalog, meta
- Entradas de catálogo: 0
- Página de configuração: disponível

Procedimento prático
1. Verifique a área correspondente ao recurso declarado; nem todo addon cria uma linha de catálogo.
2. Abra a página do addon e compare versão e recursos atuais com os dados abaixo.

O manifesto do Anime Catalogs expõe atualmente catalog, meta, e a configuração está disponível. Esses fatos definem o caminho de instalação e o local correto da interface. Eles não garantem resultado para todo título, região ou provedor.

Esta página usa o manifesto armazenado e o monitoramento do diretório. Ela não inventa suporte, velocidade, disponibilidade ou acesso legal; os dados podem mudar após atualizações.","Anime","https://addons-stremio.com/forum/pt-br/category/anime","Anime Catalogs","https://addons-stremio.com/addon/anime-catalogs","3","2026-08-28T17:24:11.783Z","2026-08-28T17:24:11.783Z","2026-08-28T17:24:11.782Z","","2026-08-28T17:24:11.791Z: Monte uma base reproduzível para Anime Catalogs: registre a versão 1.0.3 e os recursos catalog, meta sem apagar configurações. Reinicie o Stremio e teste um título compatível. Informe se falta catálogo, metadados, legenda ou fonte reproduzível; são falhas diferentes e não devem ser resumidas apenas como “não funciona”.

2026-08-28T17:24:11.793Z: Anime Catalogs declara os tipos anime, movie, series e 0 entradas de catálogo. A configuração está disponível. Se não houver catálogo declarado, uma nova linha não é um teste válido. Quando houver configuração, mantenha uma variante até verificá-la na mesma conta antes de instalar outras.

2026-08-28T17:24:11.794Z: Para continuar o diagnóstico do Anime Catalogs, informe dispositivo, versão do Stremio, versão do addon, exemplo de conteúdo e recurso observado. O status no diretório é ONLINE, com idiomas declarados multi; nenhum garante cobertura integral. Não publique tokens, chaves de debrid, senhas ou manifestos personalizados."
"70","Como investigar resultados de busca vazios no TorrentClaw","como-investigar-resultados-de-busca-vazios-no-torrentclaw","https://addons-stremio.com/forum/pt-br/thread/70-como-investigar-resultados-de-busca-vazios-no-torrentclaw","pt-br","question","true","Nota editorial: este guia é publicado pela equipe do addons-stremio.com, não por um usuário independente nem pelo desenvolvedor do addon.

Como investigar resultados de busca vazios no TorrentClaw

Busca vazia pode significar ausência do parâmetro search, tipo incompatível ou simplesmente nenhuma correspondência.

Dados verificados no diretório
- Versão: 2.2.0
- Status no diretório: ONLINE
- Tipos de mídia declarados: movie, series
- Categorias: movies, tv-shows, anime, subtitles, metadata, debrid, torrents
- Idiomas declarados: es
- Recursos do manifesto: stream, meta
- Entradas de catálogo: 18
- Página de configuração: disponível

Procedimento prático
1. Instale na conta Stremio usada no dispositivo de destino e depois reinicie ou atualize o cliente.
2. Teste um filme ou série conhecido, anote o resultado e altere uma opção por vez.

O manifesto do TorrentClaw expõe atualmente stream, meta, e a configuração está disponível. Esses fatos definem o caminho de instalação e o local correto da interface. Eles não garantem resultado para todo título, região ou provedor.

Esta página usa o manifesto armazenado e o monitoramento do diretório. Ela não inventa suporte, velocidade, disponibilidade ou acesso legal; os dados podem mudar após atualizações.","Subtitles","https://addons-stremio.com/forum/pt-br/category/subtitrari","TorrentClaw","https://addons-stremio.com/addon/torrentclaw-addon","3","2026-08-28T17:24:11.762Z","2026-08-28T17:24:11.776Z","2026-08-28T17:24:11.761Z","","2026-08-28T17:24:11.768Z: Monte uma base reproduzível para TorrentClaw: registre a versão 2.2.0 e os recursos stream, meta sem apagar configurações. Reinicie o Stremio e teste um título compatível. Informe se falta catálogo, metadados, legenda ou fonte reproduzível; são falhas diferentes e não devem ser resumidas apenas como “não funciona”.

2026-08-28T17:24:11.769Z: TorrentClaw declara os tipos movie, series e 18 entradas de catálogo. A configuração está disponível. Se não houver catálogo declarado, uma nova linha não é um teste válido. Quando houver configuração, mantenha uma variante até verificá-la na mesma conta antes de instalar outras.

2026-08-28T17:24:11.774Z: Para continuar o diagnóstico do TorrentClaw, informe dispositivo, versão do Stremio, versão do addon, exemplo de conteúdo e recurso observado. O status no diretório é ONLINE, com idiomas declarados es; nenhum garante cobertura integral. Não publique tokens, chaves de debrid, senhas ou manifestos personalizados."
"69","Como usar VidFast Pro no Android TV com a sincronização da conta Stremio","como-usar-vidfast-pro-no-android-tv-com-a-sincronizacao-da-conta-stremio","https://addons-stremio.com/forum/pt-br/thread/69-como-usar-vidfast-pro-no-android-tv-com-a-sincronizacao-da-conta-stremio","pt-br","question","true","Nota editorial: este guia é publicado pela equipe do addons-stremio.com, não por um usuário independente nem pelo desenvolvedor do addon.

Como usar VidFast Pro no Android TV com a sincronização da conta Stremio

A televisão normalmente recebe addons pela mesma conta Stremio. Confirme a conta e atualize o aplicativo.

Dados verificados no diretório
- Versão: 1.0.0
- Status no diretório: ONLINE
- Tipos de mídia declarados: movie, series
- Categorias: movies, tv-shows
- Idiomas declarados: multi
- Recursos do manifesto: stream
- Entradas de catálogo: 0
- Página de configuração: não indicada

Procedimento prático
1. Use a configuração somente quando indicada e conclua as opções antes de instalar o manifesto gerado.
2. Verifique a área correspondente ao recurso declarado; nem todo addon cria uma linha de catálogo.

O manifesto do VidFast Pro expõe atualmente stream, e a configuração está não indicada. Esses fatos definem o caminho de instalação e o local correto da interface. Eles não garantem resultado para todo título, região ou provedor.

Esta página usa o manifesto armazenado e o monitoramento do diretório. Ela não inventa suporte, velocidade, disponibilidade ou acesso legal; os dados podem mudar após atualizações.","General","https://addons-stremio.com/forum/pt-br/category/general","VidFast Pro","https://addons-stremio.com/addon/vidfast-pro","3","2026-08-28T17:24:11.740Z","2026-08-28T17:24:11.752Z","2026-08-28T17:24:11.739Z","","2026-08-28T17:24:11.747Z: Monte uma base reproduzível para VidFast Pro: registre a versão 1.0.0 e os recursos stream sem apagar configurações. Reinicie o Stremio e teste um título compatível. Informe se falta catálogo, metadados, legenda ou fonte reproduzível; são falhas diferentes e não devem ser resumidas apenas como “não funciona”.

2026-08-28T17:24:11.750Z: VidFast Pro declara os tipos movie, series e 0 entradas de catálogo. A configuração está não indicada. Se não houver catálogo declarado, uma nova linha não é um teste válido. Quando houver configuração, mantenha uma variante até verificá-la na mesma conta antes de instalar outras.

2026-08-28T17:24:11.751Z: Para continuar o diagnóstico do VidFast Pro, informe dispositivo, versão do Stremio, versão do addon, exemplo de conteúdo e recurso observado. O status no diretório é ONLINE, com idiomas declarados multi; nenhum garante cobertura integral. Não publique tokens, chaves de debrid, senhas ou manifestos personalizados."
"68","Checklist seguro depois de uma mudança de versão do MSubtitles","checklist-seguro-depois-de-uma-mudanca-de-versao-do-msubtitles","https://addons-stremio.com/forum/pt-br/thread/68-checklist-seguro-depois-de-uma-mudanca-de-versao-do-msubtitles","pt-br","discussion","true","Nota editorial: este guia é publicado pela equipe do addons-stremio.com, não por um usuário independente nem pelo desenvolvedor do addon.

Checklist seguro depois de uma mudança de versão do MSubtitles

Uma atualização pode mudar catálogos, identificadores ou opções. Testar um título conhecido reduz variáveis.

Dados verificados no diretório
- Versão: 1.8.2
- Status no diretório: ONLINE
- Tipos de mídia declarados: movie, series
- Categorias: movies, tv-shows, subtitles
- Idiomas declarados: multi
- Recursos do manifesto: subtitles
- Entradas de catálogo: 0
- Página de configuração: disponível

Procedimento prático
1. Abra a página do addon e compare versão e recursos atuais com os dados abaixo.
2. Instale na conta Stremio usada no dispositivo de destino e depois reinicie ou atualize o cliente.

O manifesto do MSubtitles expõe atualmente subtitles, e a configuração está disponível. Esses fatos definem o caminho de instalação e o local correto da interface. Eles não garantem resultado para todo título, região ou provedor.

Esta página usa o manifesto armazenado e o monitoramento do diretório. Ela não inventa suporte, velocidade, disponibilidade ou acesso legal; os dados podem mudar após atualizações.","Subtitles","https://addons-stremio.com/forum/pt-br/category/subtitrari","MSubtitles","https://addons-stremio.com/addon/msubtitles","3","2026-08-28T17:24:11.723Z","2026-08-28T17:24:11.723Z","2026-08-28T17:24:11.721Z","","2026-08-28T17:24:11.730Z: Monte uma base reproduzível para MSubtitles: registre a versão 1.8.2 e os recursos subtitles sem apagar configurações. Reinicie o Stremio e teste um título compatível. Informe se falta catálogo, metadados, legenda ou fonte reproduzível; são falhas diferentes e não devem ser resumidas apenas como “não funciona”.

2026-08-28T17:24:11.734Z: MSubtitles declara os tipos movie, series e 0 entradas de catálogo. A configuração está disponível. Se não houver catálogo declarado, uma nova linha não é um teste válido. Quando houver configuração, mantenha uma variante até verificá-la na mesma conta antes de instalar outras.

2026-08-28T17:24:11.735Z: Para continuar o diagnóstico do MSubtitles, informe dispositivo, versão do Stremio, versão do addon, exemplo de conteúdo e recurso observado. O status no diretório é ONLINE, com idiomas declarados multi; nenhum garante cobertura integral. Não publique tokens, chaves de debrid, senhas ou manifestos personalizados."
"67","Por que RPDB Catalogs pode mostrar metadados sem fornecer uma fonte reproduzível","por-que-rpdb-catalogs-pode-mostrar-metadados-sem-fornecer-uma-fonte-reproduzivel","https://addons-stremio.com/forum/pt-br/thread/67-por-que-rpdb-catalogs-pode-mostrar-metadados-sem-fornecer-uma-fonte-reproduzivel","pt-br","question","true","Nota editorial: este guia é publicado pela equipe do addons-stremio.com, não por um usuário independente nem pelo desenvolvedor do addon.

Por que RPDB Catalogs pode mostrar metadados sem fornecer uma fonte reproduzível

Metadados e reprodução são recursos separados. O teste precisa descobrir qual camada é realmente oferecida.

Dados verificados no diretório
- Versão: 1.0.0
- Status no diretório: ONLINE
- Tipos de mídia declarados: movie, series
- Categorias: movies, tv-shows, documentaries, sports, music, metadata
- Idiomas declarados: multi
- Recursos do manifesto: catalog
- Entradas de catálogo: 10
- Página de configuração: disponível

Procedimento prático
1. Teste um filme ou série conhecido, anote o resultado e altere uma opção por vez.
2. Use a configuração somente quando indicada e conclua as opções antes de instalar o manifesto gerado.

O manifesto do RPDB Catalogs expõe atualmente catalog, e a configuração está disponível. Esses fatos definem o caminho de instalação e o local correto da interface. Eles não garantem resultado para todo título, região ou provedor.

Esta página usa o manifesto armazenado e o monitoramento do diretório. Ela não inventa suporte, velocidade, disponibilidade ou acesso legal; os dados podem mudar após atualizações.","Live TV","https://addons-stremio.com/forum/pt-br/category/live-tv","RPDB Catalogs","https://addons-stremio.com/addon/rpdb-catalogs","3","2026-08-28T17:24:11.701Z","2026-08-28T17:24:11.716Z","2026-08-28T17:24:11.700Z","","2026-08-28T17:24:11.710Z: Monte uma base reproduzível para RPDB Catalogs: registre a versão 1.0.0 e os recursos catalog sem apagar configurações. Reinicie o Stremio e teste um título compatível. Informe se falta catálogo, metadados, legenda ou fonte reproduzível; são falhas diferentes e não devem ser resumidas apenas como “não funciona”.

2026-08-28T17:24:11.713Z: RPDB Catalogs declara os tipos movie, series e 10 entradas de catálogo. A configuração está disponível. Se não houver catálogo declarado, uma nova linha não é um teste válido. Quando houver configuração, mantenha uma variante até verificá-la na mesma conta antes de instalar outras.

2026-08-28T17:24:11.714Z: Para continuar o diagnóstico do RPDB Catalogs, informe dispositivo, versão do Stremio, versão do addon, exemplo de conteúdo e recurso observado. O status no diretório é ONLINE, com idiomas declarados multi; nenhum garante cobertura integral. Não publique tokens, chaves de debrid, senhas ou manifestos personalizados."
"66","Reconfigurar Watch Next sem deixar entradas duplicadas no Stremio","reconfigurar-watch-next-sem-deixar-entradas-duplicadas-no-stremio","https://addons-stremio.com/forum/pt-br/thread/66-reconfigurar-watch-next-sem-deixar-entradas-duplicadas-no-stremio","pt-br","question","true","Nota editorial: este guia é publicado pela equipe do addons-stremio.com, não por um usuário independente nem pelo desenvolvedor do addon.

Reconfigurar Watch Next sem deixar entradas duplicadas no Stremio

Uma nova configuração pode gerar outro manifesto. Teste a nova entrada e mantenha apenas a variante correta.

Dados verificados no diretório
- Versão: 0.0.1
- Status no diretório: ONLINE
- Tipos de mídia declarados: movie, series
- Categorias: movies, tv-shows
- Idiomas declarados: multi
- Recursos do manifesto: stream
- Entradas de catálogo: 0
- Página de configuração: não indicada

Procedimento prático
1. Verifique a área correspondente ao recurso declarado; nem todo addon cria uma linha de catálogo.
2. Abra a página do addon e compare versão e recursos atuais com os dados abaixo.

O manifesto do Watch Next expõe atualmente stream, e a configuração está não indicada. Esses fatos definem o caminho de instalação e o local correto da interface. Eles não garantem resultado para todo título, região ou provedor.

Esta página usa o manifesto armazenado e o monitoramento do diretório. Ela não inventa suporte, velocidade, disponibilidade ou acesso legal; os dados podem mudar após atualizações.","General","https://addons-stremio.com/forum/pt-br/category/general","Watch Next","https://addons-stremio.com/addon/watch-next","3","2026-08-28T17:24:11.677Z","2026-08-28T17:24:11.696Z","2026-08-28T17:24:11.676Z","","2026-08-28T17:24:11.690Z: Monte uma base reproduzível para Watch Next: registre a versão 0.0.1 e os recursos stream sem apagar configurações. Reinicie o Stremio e teste um título compatível. Informe se falta catálogo, metadados, legenda ou fonte reproduzível; são falhas diferentes e não devem ser resumidas apenas como “não funciona”.

2026-08-28T17:24:11.691Z: Watch Next declara os tipos movie, series e 0 entradas de catálogo. A configuração está não indicada. Se não houver catálogo declarado, uma nova linha não é um teste válido. Quando houver configuração, mantenha uma variante até verificá-la na mesma conta antes de instalar outras.

2026-08-28T17:24:11.692Z: Para continuar o diagnóstico do Watch Next, informe dispositivo, versão do Stremio, versão do addon, exemplo de conteúdo e recurso observado. O status no diretório é ONLINE, com idiomas declarados multi; nenhum garante cobertura integral. Não publique tokens, chaves de debrid, senhas ou manifestos personalizados."
"65","Como entender o manifesto do OpenSubtitles v3 antes de alterar configurações","como-entender-o-manifesto-do-opensubtitles-v3-antes-de-alterar-configuracoes","https://addons-stremio.com/forum/pt-br/thread/65-como-entender-o-manifesto-do-opensubtitles-v3-antes-de-alterar-configuracoes","pt-br","question","true","Nota editorial: este guia é publicado pela equipe do addons-stremio.com, não por um usuário independente nem pelo desenvolvedor do addon.

Como entender o manifesto do OpenSubtitles v3 antes de alterar configurações

Ler os recursos declarados evita esperar reprodução de um addon que oferece apenas catálogo, metadados ou legendas.

Dados verificados no diretório
- Versão: 1.0.0
- Status no diretório: ONLINE
- Tipos de mídia declarados: movie, series
- Categorias: movies, tv-shows, subtitles
- Idiomas declarados: multi
- Recursos do manifesto: subtitles
- Entradas de catálogo: 0
- Página de configuração: não indicada

Procedimento prático
1. Instale na conta Stremio usada no dispositivo de destino e depois reinicie ou atualize o cliente.
2. Teste um filme ou série conhecido, anote o resultado e altere uma opção por vez.

O manifesto do OpenSubtitles v3 expõe atualmente subtitles, e a configuração está não indicada. Esses fatos definem o caminho de instalação e o local correto da interface. Eles não garantem resultado para todo título, região ou provedor.

Esta página usa o manifesto armazenado e o monitoramento do diretório. Ela não inventa suporte, velocidade, disponibilidade ou acesso legal; os dados podem mudar após atualizações.","Subtitles","https://addons-stremio.com/forum/pt-br/category/subtitrari","OpenSubtitles v3","https://addons-stremio.com/addon/opensubtitles-v3","3","2026-08-28T17:24:11.657Z","2026-08-28T17:24:11.669Z","2026-08-28T17:24:11.656Z","de:https://addons-stremio.com/forum/de/thread/105-das-manifest-von-opensubtitles-v3-verstehen-bevor-einstellungen-geandert-werden|en:https://addons-stremio.com/forum/en/thread/5-understanding-the-opensubtitles-v3-manifest-before-changing-any-settings|es:https://addons-stremio.com/forum/es/thread/45-como-interpretar-el-manifiesto-de-opensubtitles-v3-antes-de-cambiar-ajustes|fr:https://addons-stremio.com/forum/fr/thread/85-comprendre-le-manifeste-de-opensubtitles-v3-avant-de-modifier-les-reglages|pt-br:https://addons-stremio.com/forum/pt-br/thread/65-como-entender-o-manifesto-do-opensubtitles-v3-antes-de-alterar-configuracoes|ro:https://addons-stremio.com/forum/ro/thread/25-cum-citesti-manifestul-opensubtitles-v3-inainte-sa-modifici-setarile","2026-08-28T17:24:11.663Z: Monte uma base reproduzível para OpenSubtitles v3: registre a versão 1.0.0 e os recursos subtitles sem apagar configurações. Reinicie o Stremio e teste um título compatível. Informe se falta catálogo, metadados, legenda ou fonte reproduzível; são falhas diferentes e não devem ser resumidas apenas como “não funciona”.

2026-08-28T17:24:11.665Z: OpenSubtitles v3 declara os tipos movie, series e 0 entradas de catálogo. A configuração está não indicada. Se não houver catálogo declarado, uma nova linha não é um teste válido. Quando houver configuração, mantenha uma variante até verificá-la na mesma conta antes de instalar outras.

2026-08-28T17:24:11.666Z: Para continuar o diagnóstico do OpenSubtitles v3, informe dispositivo, versão do Stremio, versão do addon, exemplo de conteúdo e recurso observado. O status no diretório é ONLINE, com idiomas declarados multi; nenhum garante cobertura integral. Não publique tokens, chaves de debrid, senhas ou manifestos personalizados."
"64","Comet | ElfHosted está instalado, mas nenhum catálogo novo aparece: diagnóstico prático","comet-elfhosted-esta-instalado-mas-nenhum-catalogo-novo-aparece-diagnostico-pratico","https://addons-stremio.com/forum/pt-br/thread/64-comet-elfhosted-esta-instalado-mas-nenhum-catalogo-novo-aparece-diagnostico-pratico","pt-br","question","true","Nota editorial: este guia é publicado pela equipe do addons-stremio.com, não por um usuário independente nem pelo desenvolvedor do addon.

Comet | ElfHosted está instalado, mas nenhum catálogo novo aparece: diagnóstico prático

A ausência de catálogo não prova falha: addons de stream, metadados ou legendas podem funcionar sem criar uma linha inicial.

Dados verificados no diretório
- Versão: 2.0.0
- Status no diretório: ONLINE
- Tipos de mídia declarados: movie, series, anime, other
- Categorias: movies, tv-shows, anime, debrid, torrents
- Idiomas declarados: multi
- Recursos do manifesto: stream
- Entradas de catálogo: 0
- Página de configuração: disponível

Procedimento prático
1. Use a configuração somente quando indicada e conclua as opções antes de instalar o manifesto gerado.
2. Verifique a área correspondente ao recurso declarado; nem todo addon cria uma linha de catálogo.

O manifesto do Comet | ElfHosted expõe atualmente stream, e a configuração está disponível. Esses fatos definem o caminho de instalação e o local correto da interface. Eles não garantem resultado para todo título, região ou provedor.

Esta página usa o manifesto armazenado e o monitoramento do diretório. Ela não inventa suporte, velocidade, disponibilidade ou acesso legal; os dados podem mudar após atualizações.","Anime","https://addons-stremio.com/forum/pt-br/category/anime","Comet | ElfHosted","https://addons-stremio.com/addon/comet","3","2026-08-28T17:24:11.639Z","2026-08-28T17:24:11.647Z","2026-08-28T17:24:11.638Z","de:https://addons-stremio.com/forum/de/thread/104-comet-elfhosted-ist-installiert-aber-kein-neuer-katalog-erscheint-systematische-diagnose|en:https://addons-stremio.com/forum/en/thread/4-comet-elfhosted-is-installed-but-no-new-catalog-appears-a-structured-diagnosis|es:https://addons-stremio.com/forum/es/thread/44-comet-elfhosted-esta-instalado-pero-no-aparece-un-catalogo-nuevo-diagnostico-ordenado|fr:https://addons-stremio.com/forum/fr/thread/84-comet-elfhosted-est-installe-mais-aucun-nouveau-catalogue-n-apparait-diagnostic-methodique|pt-br:https://addons-stremio.com/forum/pt-br/thread/64-comet-elfhosted-esta-instalado-mas-nenhum-catalogo-novo-aparece-diagnostico-pratico|ro:https://addons-stremio.com/forum/ro/thread/24-comet-elfhosted-este-instalat-dar-nu-apare-un-catalog-nou-diagnostic-pas-cu-pas","2026-08-28T17:24:11.643Z: Monte uma base reproduzível para Comet | ElfHosted: registre a versão 2.0.0 e os recursos stream sem apagar configurações. Reinicie o Stremio e teste um título compatível. Informe se falta catálogo, metadados, legenda ou fonte reproduzível; são falhas diferentes e não devem ser resumidas apenas como “não funciona”.

2026-08-28T17:24:11.644Z: Comet | ElfHosted declara os tipos movie, series, anime, other e 0 entradas de catálogo. A configuração está disponível. Se não houver catálogo declarado, uma nova linha não é um teste válido. Quando houver configuração, mantenha uma variante até verificá-la na mesma conta antes de instalar outras.

2026-08-28T17:24:11.646Z: Para continuar o diagnóstico do Comet | ElfHosted, informe dispositivo, versão do Stremio, versão do addon, exemplo de conteúdo e recurso observado. O status no diretório é ONLINE, com idiomas declarados multi; nenhum garante cobertura integral. Não publique tokens, chaves de debrid, senhas ou manifestos personalizados."
"63","Como instalar Torrentio e confirmar exatamente o que ele adiciona ao Stremio","como-instalar-torrentio-e-confirmar-exatamente-o-que-ele-adiciona-ao-stremio","https://addons-stremio.com/forum/pt-br/thread/63-como-instalar-torrentio-e-confirmar-exatamente-o-que-ele-adiciona-ao-stremio","pt-br","discussion","true","Nota editorial: este guia é publicado pela equipe do addons-stremio.com, não por um usuário independente nem pelo desenvolvedor do addon.

Como instalar Torrentio e confirmar exatamente o que ele adiciona ao Stremio

Uma instalação termina quando os recursos do manifesto são confirmados na conta, e não apenas quando o botão é pressionado.

Dados verificados no diretório
- Versão: 0.0.15
- Status no diretório: ONLINE
- Tipos de mídia declarados: movie, series, anime, other
- Categorias: movies, tv-shows, anime, debrid, torrents
- Idiomas declarados: multi
- Recursos do manifesto: stream
- Entradas de catálogo: 0
- Página de configuração: disponível

Procedimento prático
1. Abra a página do addon e compare versão e recursos atuais com os dados abaixo.
2. Instale na conta Stremio usada no dispositivo de destino e depois reinicie ou atualize o cliente.

O manifesto do Torrentio expõe atualmente stream, e a configuração está disponível. Esses fatos definem o caminho de instalação e o local correto da interface. Eles não garantem resultado para todo título, região ou provedor.

Esta página usa o manifesto armazenado e o monitoramento do diretório. Ela não inventa suporte, velocidade, disponibilidade ou acesso legal; os dados podem mudar após atualizações.","Anime","https://addons-stremio.com/forum/pt-br/category/anime","Torrentio","https://addons-stremio.com/addon/torrentio","3","2026-08-28T17:24:11.606Z","2026-08-28T17:24:11.606Z","2026-08-28T17:24:11.604Z","de:https://addons-stremio.com/forum/de/thread/103-torrentio-installieren-und-genau-prufen-was-das-addon-zu-stremio-hinzufugt|en:https://addons-stremio.com/forum/en/thread/3-how-to-install-torrentio-and-verify-exactly-what-it-adds-to-stremio|es:https://addons-stremio.com/forum/es/thread/43-como-instalar-torrentio-y-comprobar-exactamente-que-anade-a-stremio|fr:https://addons-stremio.com/forum/fr/thread/83-installer-torrentio-et-verifier-precisement-ce-qu-il-ajoute-a-stremio|pt-br:https://addons-stremio.com/forum/pt-br/thread/63-como-instalar-torrentio-e-confirmar-exatamente-o-que-ele-adiciona-ao-stremio|ro:https://addons-stremio.com/forum/ro/thread/23-cum-instalezi-torrentio-si-verifici-exact-ce-adauga-in-stremio","2026-08-28T17:24:11.620Z: Monte uma base reproduzível para Torrentio: registre a versão 0.0.15 e os recursos stream sem apagar configurações. Reinicie o Stremio e teste um título compatível. Informe se falta catálogo, metadados, legenda ou fonte reproduzível; são falhas diferentes e não devem ser resumidas apenas como “não funciona”.

2026-08-28T17:24:11.625Z: Torrentio declara os tipos movie, series, anime, other e 0 entradas de catálogo. A configuração está disponível. Se não houver catálogo declarado, uma nova linha não é um teste válido. Quando houver configuração, mantenha uma variante até verificá-la na mesma conta antes de instalar outras.

2026-08-28T17:24:11.629Z: Para continuar o diagnóstico do Torrentio, informe dispositivo, versão do Stremio, versão do addon, exemplo de conteúdo e recurso observado. O status no diretório é ONLINE, com idiomas declarados multi; nenhum garante cobertura integral. Não publique tokens, chaves de debrid, senhas ou manifestos personalizados."
"62","Comprobaciones de privacidad antes de introducir credenciales en Stremio IPTV by dexter21767","comprobaciones-de-privacidad-antes-de-introducir-credenciales-en-stremio-iptv-by-dexter21767","https://addons-stremio.com/forum/es/thread/62-comprobaciones-de-privacidad-antes-de-introducir-credenciales-en-stremio-iptv-by-dexter21767","es","question","true","Nota editorial: esta guía está publicada por el equipo de addons-stremio.com, no por un usuario independiente ni por el desarrollador del addon.

Comprobaciones de privacidad antes de introducir credenciales en Stremio IPTV by dexter21767

La configuración está fuera del directorio. Comprueba el dominio y los datos solicitados; no entregues credenciales innecesarias.

Datos verificados en el directorio
- Versión: 0.1.1
- Estado en el directorio: ONLINE
- Tipos multimedia declarados: tv
- Categorías: live-tv
- Idiomas declarados: multi
- Recursos del manifiesto: stream, meta
- Entradas de catálogo: 1
- Página de configuración: no indicada

Procedimiento práctico
1. Prueba una película o serie conocida, anota el resultado y cambia un solo ajuste antes de repetir.
2. Usa la configuración solo cuando esté indicada y completa las opciones antes de instalar el manifiesto resultante.

El manifiesto de Stremio IPTV by dexter21767 expone actualmente stream, meta y su configuración está no indicada. Estos datos determinan el camino de instalación y el lugar correcto de la interfaz. No garantizan resultados para cada título, región o proveedor.

La página utiliza el manifiesto almacenado y el control de salud del directorio. No inventa compatibilidad, velocidad, disponibilidad ni acceso legal; los datos pueden cambiar tras una actualización.","Issues & Troubleshooting","https://addons-stremio.com/forum/es/category/probleme","Stremio IPTV by dexter21767","https://addons-stremio.com/addon/stremio-iptv-by-dexter21767","3","2026-08-28T17:24:11.580Z","2026-08-28T17:30:43.713Z","2026-08-28T17:24:11.579Z","","2026-08-28T17:24:11.589Z: Crea una prueba reproducible para Stremio IPTV by dexter21767. Anota la versión 0.1.1 y los recursos stream, meta sin borrar todavía la configuración. Reinicia Stremio y prueba un título compatible. Indica si falta el catálogo, los metadatos, los subtítulos o la fuente reproducible: son fallos distintos y no conviene resumirlos como “no funciona”.

2026-08-28T17:24:11.590Z: Stremio IPTV by dexter21767 declara los tipos tv y 1 entradas de catálogo. La configuración está no indicada. Si no se declara un catálogo, una fila nueva no es la prueba adecuada. Cuando exista configuración, conserva una sola variante hasta verificarla en la misma cuenta antes de instalar otras.

2026-08-28T17:24:11.591Z: Para continuar el diagnóstico de Stremio IPTV by dexter21767, incluye dispositivo, versión de Stremio, versión del addon, un ejemplo y el recurso observado. El estado del directorio es ONLINE y los idiomas declarados son multi; ninguno garantiza cobertura total. No publiques tokens, claves de debrid, contraseñas ni manifiestos personalizados."
"61","Recuperar Argentina TV tras un problema de caché o sincronización de Stremio","recuperar-argentina-tv-tras-un-problema-de-cache-o-sincronizacion-de-stremio","https://addons-stremio.com/forum/es/thread/61-recuperar-argentina-tv-tras-un-problema-de-cache-o-sincronizacion-de-stremio","es","question","true","Nota editorial: esta guía está publicada por el equipo de addons-stremio.com, no por un usuario independiente ni por el desarrollador del addon.

Recuperar Argentina TV tras un problema de caché o sincronización de Stremio

Los síntomas de caché se prueban con sincronización y reinicio, sin reinstalar repetidamente entre cada comprobación.

Datos verificados en el directorio
- Versión: 1.4.0
- Estado en el directorio: ONLINE
- Tipos multimedia declarados: tv
- Categorías: live-tv, metadata
- Idiomas declarados: multi
- Recursos del manifiesto: catalog, stream, meta
- Entradas de catálogo: 1
- Página de configuración: no indicada

Procedimiento práctico
1. Comprueba la sección que corresponde al recurso declarado; no todos los addons crean una fila de catálogo.
2. Abre la ficha del addon y compara su versión y recursos actuales con los datos siguientes.

El manifiesto de Argentina TV expone actualmente catalog, stream, meta y su configuración está no indicada. Estos datos determinan el camino de instalación y el lugar correcto de la interfaz. No garantizan resultados para cada título, región o proveedor.

La página utiliza el manifiesto almacenado y el control de salud del directorio. No inventa compatibilidad, velocidad, disponibilidad ni acceso legal; los datos pueden cambiar tras una actualización.","Live TV","https://addons-stremio.com/forum/es/category/live-tv","Argentina TV","https://addons-stremio.com/addon/argentina-tv","3","2026-08-28T17:24:11.555Z","2026-08-28T17:30:44.144Z","2026-08-28T17:24:11.554Z","","2026-08-28T17:24:11.563Z: Crea una prueba reproducible para Argentina TV. Anota la versión 1.4.0 y los recursos catalog, stream, meta sin borrar todavía la configuración. Reinicia Stremio y prueba un título compatible. Indica si falta el catálogo, los metadatos, los subtítulos o la fuente reproducible: son fallos distintos y no conviene resumirlos como “no funciona”.

2026-08-28T17:24:11.564Z: Argentina TV declara los tipos tv y 1 entradas de catálogo. La configuración está no indicada. Si no se declara un catálogo, una fila nueva no es la prueba adecuada. Cuando exista configuración, conserva una sola variante hasta verificarla en la misma cuenta antes de instalar otras.

2026-08-28T17:24:11.566Z: Para continuar el diagnóstico de Argentina TV, incluye dispositivo, versión de Stremio, versión del addon, un ejemplo y el recurso observado. El estado del directorio es ONLINE y los idiomas declarados son multi; ninguno garantiza cobertura total. No publiques tokens, claves de debrid, contraseñas ni manifiestos personalizados."
"60","¿Intelligent Debrid Search ofrece películas, series, TV en directo o solo datos auxiliares?","intelligent-debrid-search-ofrece-peliculas-series-tv-en-directo-o-solo-datos-auxiliares","https://addons-stremio.com/forum/es/thread/60-intelligent-debrid-search-ofrece-peliculas-series-tv-en-directo-o-solo-datos-auxiliares","es","discussion","true","Nota editorial: esta guía está publicada por el equipo de addons-stremio.com, no por un usuario independiente ni por el desarrollador del addon.

¿Intelligent Debrid Search ofrece películas, series, TV en directo o solo datos auxiliares?

Los tipos describen el contenido compatible; los recursos indican qué aporta el addon para ese contenido.

Datos verificados en el directorio
- Versión: 1.2.0
- Estado en el directorio: ONLINE
- Tipos multimedia declarados: movie, series, anime, other
- Categorías: movies, tv-shows, anime, metadata, debrid
- Idiomas declarados: multi
- Recursos del manifiesto: catalog, stream, meta
- Entradas de catálogo: 1
- Página de configuración: disponible

Procedimiento práctico
1. Instala con la cuenta Stremio del dispositivo de destino y después reinicia o actualiza ese cliente.
2. Prueba una película o serie conocida, anota el resultado y cambia un solo ajuste antes de repetir.

El manifiesto de Intelligent Debrid Search expone actualmente catalog, stream, meta y su configuración está disponible. Estos datos determinan el camino de instalación y el lugar correcto de la interfaz. No garantizan resultados para cada título, región o proveedor.

La página utiliza el manifiesto almacenado y el control de salud del directorio. No inventa compatibilidad, velocidad, disponibilidad ni acceso legal; los datos pueden cambiar tras una actualización.","Anime","https://addons-stremio.com/forum/es/category/anime","Intelligent Debrid Search","https://addons-stremio.com/addon/intell-debridsearch","3","2026-08-28T17:24:11.532Z","2026-08-28T17:24:11.532Z","2026-08-28T17:24:11.531Z","","2026-08-28T17:24:11.538Z: Crea una prueba reproducible para Intelligent Debrid Search. Anota la versión 1.2.0 y los recursos catalog, stream, meta sin borrar todavía la configuración. Reinicia Stremio y prueba un título compatible. Indica si falta el catálogo, los metadatos, los subtítulos o la fuente reproducible: son fallos distintos y no conviene resumirlos como “no funciona”.

2026-08-28T17:24:11.542Z: Intelligent Debrid Search declara los tipos movie, series, anime, other y 1 entradas de catálogo. La configuración está disponible. Si no se declara un catálogo, una fila nueva no es la prueba adecuada. Cuando exista configuración, conserva una sola variante hasta verificarla en la misma cuenta antes de instalar otras.

2026-08-28T17:24:11.546Z: Para continuar el diagnóstico de Intelligent Debrid Search, incluye dispositivo, versión de Stremio, versión del addon, un ejemplo y el recurso observado. El estado del directorio es ONLINE y los idiomas declarados son multi; ninguno garantiza cobertura total. No publiques tokens, claves de debrid, contraseñas ni manifiestos personalizados."
"59","Cómo reducir filas duplicadas después de añadir IMDB Catalogs","como-reducir-filas-duplicadas-despues-de-anadir-imdb-catalogs","https://addons-stremio.com/forum/es/thread/59-como-reducir-filas-duplicadas-despues-de-anadir-imdb-catalogs","es","question","true","Nota editorial: esta guía está publicada por el equipo de addons-stremio.com, no por un usuario independiente ni por el desarrollador del addon.

Cómo reducir filas duplicadas después de añadir IMDB Catalogs

Las filas duplicadas suelen proceder de dos variantes del manifiesto. Identifica cuál debe permanecer antes de quitar una.

Datos verificados en el directorio
- Versión: 0.0.5
- Estado en el directorio: ONLINE
- Tipos multimedia declarados: movie, series
- Categorías: movies, tv-shows, anime, metadata
- Idiomas declarados: multi
- Recursos del manifiesto: catalog
- Entradas de catálogo: 2
- Página de configuración: disponible

Procedimiento práctico
1. Usa la configuración solo cuando esté indicada y completa las opciones antes de instalar el manifiesto resultante.
2. Comprueba la sección que corresponde al recurso declarado; no todos los addons crean una fila de catálogo.

El manifiesto de IMDB Catalogs expone actualmente catalog y su configuración está disponible. Estos datos determinan el camino de instalación y el lugar correcto de la interfaz. No garantizan resultados para cada título, región o proveedor.

La página utiliza el manifiesto almacenado y el control de salud del directorio. No inventa compatibilidad, velocidad, disponibilidad ni acceso legal; los datos pueden cambiar tras una actualización.","Anime","https://addons-stremio.com/forum/es/category/anime","IMDB Catalogs","https://addons-stremio.com/addon/imdb-catalogs","3","2026-08-28T17:24:11.501Z","2026-08-28T17:33:47.778Z","2026-08-28T17:24:11.500Z","","2026-08-28T17:24:11.514Z: Crea una prueba reproducible para IMDB Catalogs. Anota la versión 0.0.5 y los recursos catalog sin borrar todavía la configuración. Reinicia Stremio y prueba un título compatible. Indica si falta el catálogo, los metadatos, los subtítulos o la fuente reproducible: son fallos distintos y no conviene resumirlos como “no funciona”.

2026-08-28T17:24:11.515Z: IMDB Catalogs declara los tipos movie, series y 2 entradas de catálogo. La configuración está disponible. Si no se declara un catálogo, una fila nueva no es la prueba adecuada. Cuando exista configuración, conserva una sola variante hasta verificarla en la misma cuenta antes de instalar otras.

2026-08-28T17:24:11.521Z: Para continuar el diagnóstico de IMDB Catalogs, incluye dispositivo, versión de Stremio, versión del addon, un ejemplo y el recurso observado. El estado del directorio es ONLINE y los idiomas declarados son multi; ninguno garantiza cobertura total. No publiques tokens, claves de debrid, contraseñas ni manifiestos personalizados."
"58","Diferencias de AI Search entre escritorio y televisión","diferencias-de-ai-search-entre-escritorio-y-television","https://addons-stremio.com/forum/es/thread/58-diferencias-de-ai-search-entre-escritorio-y-television","es","discussion","true","Nota editorial: esta guía está publicada por el equipo de addons-stremio.com, no por un usuario independiente ni por el desarrollador del addon.

Diferencias de AI Search entre escritorio y televisión

Los clientes de escritorio y TV pueden conservar cachés diferentes. Hay que compararlos en la misma cuenta y después de actualizar.

Datos verificados en el directorio
- Versión: 1.0.65
- Estado en el directorio: ONLINE
- Tipos multimedia declarados: movie, series
- Categorías: movies, tv-shows, metadata
- Idiomas declarados: multi
- Recursos del manifiesto: catalog
- Entradas de catálogo: 0
- Página de configuración: disponible

Procedimiento práctico
1. Abre la ficha del addon y compara su versión y recursos actuales con los datos siguientes.
2. Instala con la cuenta Stremio del dispositivo de destino y después reinicia o actualiza ese cliente.

El manifiesto de AI Search expone actualmente catalog y su configuración está disponible. Estos datos determinan el camino de instalación y el lugar correcto de la interfaz. No garantizan resultados para cada título, región o proveedor.

La página utiliza el manifiesto almacenado y el control de salud del directorio. No inventa compatibilidad, velocidad, disponibilidad ni acceso legal; los datos pueden cambiar tras una actualización.","General","https://addons-stremio.com/forum/es/category/general","AI Search","https://addons-stremio.com/addon/ai-search","3","2026-08-28T17:24:11.478Z","2026-08-28T17:24:11.478Z","2026-08-28T17:24:11.477Z","","2026-08-28T17:24:11.487Z: Crea una prueba reproducible para AI Search. Anota la versión 1.0.65 y los recursos catalog sin borrar todavía la configuración. Reinicia Stremio y prueba un título compatible. Indica si falta el catálogo, los metadatos, los subtítulos o la fuente reproducible: son fallos distintos y no conviene resumirlos como “no funciona”.

2026-08-28T17:24:11.491Z: AI Search declara los tipos movie, series y 0 entradas de catálogo. La configuración está disponible. Si no se declara un catálogo, una fila nueva no es la prueba adecuada. Cuando exista configuración, conserva una sola variante hasta verificarla en la misma cuenta antes de instalar otras.

2026-08-28T17:24:11.495Z: Para continuar el diagnóstico de AI Search, incluye dispositivo, versión de Stremio, versión del addon, un ejemplo y el recurso observado. El estado del directorio es ONLINE y los idiomas declarados son multi; ninguno garantiza cobertura total. No publiques tokens, claves de debrid, contraseñas ni manifiestos personalizados."
"57","Qué datos reunir antes de informar de un problema con Star Wars Universe","que-datos-reunir-antes-de-informar-de-un-problema-con-star-wars-universe","https://addons-stremio.com/forum/es/thread/57-que-datos-reunir-antes-de-informar-de-un-problema-con-star-wars-universe","es","question","true","Nota editorial: esta guía está publicada por el equipo de addons-stremio.com, no por un usuario independiente ni por el desarrollador del addon.

Qué datos reunir antes de informar de un problema con Star Wars Universe

Un informe útil contiene versión, dispositivo, identificador, recurso esperado y el paso exacto donde cambia el resultado.

Datos verificados en el directorio
- Versión: 1.1.1
- Estado en el directorio: ONLINE
- Tipos multimedia declarados: movie, series
- Categorías: movies, tv-shows, metadata
- Idiomas declarados: multi
- Recursos del manifiesto: catalog
- Entradas de catálogo: 13
- Página de configuración: disponible

Procedimiento práctico
1. Prueba una película o serie conocida, anota el resultado y cambia un solo ajuste antes de repetir.
2. Usa la configuración solo cuando esté indicada y completa las opciones antes de instalar el manifiesto resultante.

El manifiesto de Star Wars Universe expone actualmente catalog y su configuración está disponible. Estos datos determinan el camino de instalación y el lugar correcto de la interfaz. No garantizan resultados para cada título, región o proveedor.

La página utiliza el manifiesto almacenado y el control de salud del directorio. No inventa compatibilidad, velocidad, disponibilidad ni acceso legal; los datos pueden cambiar tras una actualización.","Issues & Troubleshooting","https://addons-stremio.com/forum/es/category/probleme","Star Wars Universe","https://addons-stremio.com/addon/star-wars-universe","3","2026-08-28T17:24:11.457Z","2026-08-28T17:24:11.470Z","2026-08-28T17:24:11.456Z","","2026-08-28T17:24:11.464Z: Crea una prueba reproducible para Star Wars Universe. Anota la versión 1.1.1 y los recursos catalog sin borrar todavía la configuración. Reinicia Stremio y prueba un título compatible. Indica si falta el catálogo, los metadatos, los subtítulos o la fuente reproducible: son fallos distintos y no conviene resumirlos como “no funciona”.

2026-08-28T17:24:11.467Z: Star Wars Universe declara los tipos movie, series y 13 entradas de catálogo. La configuración está disponible. Si no se declara un catálogo, una fila nueva no es la prueba adecuada. Cuando exista configuración, conserva una sola variante hasta verificarla en la misma cuenta antes de instalar otras.

2026-08-28T17:24:11.468Z: Para continuar el diagnóstico de Star Wars Universe, incluye dispositivo, versión de Stremio, versión del addon, un ejemplo y el recurso observado. El estado del directorio es ONLINE y los idiomas declarados son multi; ninguno garantiza cobertura total. No publiques tokens, claves de debrid, contraseñas ni manifiestos personalizados."
"56","Cómo verificar el manifiesto de Torrent Catalogs sin asumir que está caído","como-verificar-el-manifiesto-de-torrent-catalogs-sin-asumir-que-esta-caido","https://addons-stremio.com/forum/es/thread/56-como-verificar-el-manifiesto-de-torrent-catalogs-sin-asumir-que-esta-caido","es","question","true","Nota editorial: esta guía está publicada por el equipo de addons-stremio.com, no por un usuario independiente ni por el desarrollador del addon.

Cómo verificar el manifiesto de Torrent Catalogs sin asumir que está caído

El manifiesto disponible y una fuente reproducible son comprobaciones distintas. El estado del director es el último resultado monitorizado.

Datos verificados en el directorio
- Versión: 1.0.2
- Estado en el directorio: ONLINE
- Tipos multimedia declarados: movie, series, anime
- Categorías: movies, tv-shows, anime, metadata, torrents
- Idiomas declarados: multi
- Recursos del manifiesto: catalog
- Entradas de catálogo: 3
- Página de configuración: no indicada

Procedimiento práctico
1. Comprueba la sección que corresponde al recurso declarado; no todos los addons crean una fila de catálogo.
2. Abre la ficha del addon y compara su versión y recursos actuales con los datos siguientes.

El manifiesto de Torrent Catalogs expone actualmente catalog y su configuración está no indicada. Estos datos determinan el camino de instalación y el lugar correcto de la interfaz. No garantizan resultados para cada título, región o proveedor.

La página utiliza el manifiesto almacenado y el control de salud del directorio. No inventa compatibilidad, velocidad, disponibilidad ni acceso legal; los datos pueden cambiar tras una actualización.","Anime","https://addons-stremio.com/forum/es/category/anime","Torrent Catalogs","https://addons-stremio.com/addon/torrent-catalogs","3","2026-08-28T17:24:11.429Z","2026-08-28T17:33:24.137Z","2026-08-28T17:24:11.428Z","","2026-08-28T17:24:11.440Z: Crea una prueba reproducible para Torrent Catalogs. Anota la versión 1.0.2 y los recursos catalog sin borrar todavía la configuración. Reinicia Stremio y prueba un título compatible. Indica si falta el catálogo, los metadatos, los subtítulos o la fuente reproducible: son fallos distintos y no conviene resumirlos como “no funciona”.

2026-08-28T17:24:11.442Z: Torrent Catalogs declara los tipos movie, series, anime y 3 entradas de catálogo. La configuración está no indicada. Si no se declara un catálogo, una fila nueva no es la prueba adecuada. Cuando exista configuración, conserva una sola variante hasta verificarla en la misma cuenta antes de instalar otras.

2026-08-28T17:24:11.449Z: Para continuar el diagnóstico de Torrent Catalogs, incluye dispositivo, versión de Stremio, versión del addon, un ejemplo y el recurso observado. El estado del directorio es ONLINE y los idiomas declarados son multi; ninguno garantiza cobertura total. No publiques tokens, claves de debrid, contraseñas ni manifiestos personalizados."
"55","Por qué Watchly | ElfHosted funciona con un título y falla con otro","por-que-watchly-elfhosted-funciona-con-un-titulo-y-falla-con-otro","https://addons-stremio.com/forum/es/thread/55-por-que-watchly-elfhosted-funciona-con-un-titulo-y-falla-con-otro","es","question","true","Nota editorial: esta guía está publicada por el equipo de addons-stremio.com, no por un usuario independiente ni por el desarrollador del addon.

Por qué Watchly | ElfHosted funciona con un título y falla con otro

Las diferencias por título suelen depender de identificadores y tipos admitidos. Dos ejemplos separan una caída de un hueco de cobertura.

Datos verificados en el directorio
- Versión: 1.12.0
- Estado en el directorio: ONLINE
- Tipos multimedia declarados: movie, series
- Categorías: movies, tv-shows, metadata
- Idiomas declarados: multi
- Recursos del manifiesto: catalog
- Entradas de catálogo: 0
- Página de configuración: disponible

Procedimiento práctico
1. Instala con la cuenta Stremio del dispositivo de destino y después reinicia o actualiza ese cliente.
2. Prueba una película o serie conocida, anota el resultado y cambia un solo ajuste antes de repetir.

El manifiesto de Watchly | ElfHosted expone actualmente catalog y su configuración está disponible. Estos datos determinan el camino de instalación y el lugar correcto de la interfaz. No garantizan resultados para cada título, región o proveedor.

La página utiliza el manifiesto almacenado y el control de salud del directorio. No inventa compatibilidad, velocidad, disponibilidad ni acceso legal; los datos pueden cambiar tras una actualización.","Recommendations","https://addons-stremio.com/forum/es/category/recomandari","Watchly | ElfHosted","https://addons-stremio.com/addon/watchly","3","2026-08-28T17:24:11.404Z","2026-08-28T17:24:11.419Z","2026-08-28T17:24:11.403Z","","2026-08-28T17:24:11.412Z: Crea una prueba reproducible para Watchly | ElfHosted. Anota la versión 1.12.0 y los recursos catalog sin borrar todavía la configuración. Reinicia Stremio y prueba un título compatible. Indica si falta el catálogo, los metadatos, los subtítulos o la fuente reproducible: son fallos distintos y no conviene resumirlos como “no funciona”.

2026-08-28T17:24:11.415Z: Watchly | ElfHosted declara los tipos movie, series y 0 entradas de catálogo. La configuración está disponible. Si no se declara un catálogo, una fila nueva no es la prueba adecuada. Cuando exista configuración, conserva una sola variante hasta verificarla en la misma cuenta antes de instalar otras.

2026-08-28T17:24:11.417Z: Para continuar el diagnóstico de Watchly | ElfHosted, incluye dispositivo, versión de Stremio, versión del addon, un ejemplo y el recurso observado. El estado del directorio es ONLINE y los idiomas declarados son multi; ninguno garantiza cobertura total. No publiques tokens, claves de debrid, contraseñas ni manifiestos personalizados."
"54","Problemas de idioma o región en los resultados de Flix-Streams","problemas-de-idioma-o-region-en-los-resultados-de-flix-streams","https://addons-stremio.com/forum/es/thread/54-problemas-de-idioma-o-region-en-los-resultados-de-flix-streams","es","question","true","Nota editorial: esta guía está publicada por el equipo de addons-stremio.com, no por un usuario independiente ni por el desarrollador del addon.

Problemas de idioma o región en los resultados de Flix-Streams

Los idiomas declarados describen cobertura general, no garantizan audio, metadatos o subtítulos idénticos para todos los títulos.

Datos verificados en el directorio
- Versión: 1.1.20
- Estado en el directorio: ONLINE
- Tipos multimedia declarados: movie, series, anime, tv
- Categorías: movies, tv-shows, anime, sports, live-tv, subtitles, metadata
- Idiomas declarados: multi
- Recursos del manifiesto: stream, catalog, meta
- Entradas de catálogo: 0
- Página de configuración: disponible

Procedimiento práctico
1. Usa la configuración solo cuando esté indicada y completa las opciones antes de instalar el manifiesto resultante.
2. Comprueba la sección que corresponde al recurso declarado; no todos los addons crean una fila de catálogo.

El manifiesto de Flix-Streams expone actualmente stream, catalog, meta y su configuración está disponible. Estos datos determinan el camino de instalación y el lugar correcto de la interfaz. No garantizan resultados para cada título, región o proveedor.

La página utiliza el manifiesto almacenado y el control de salud del directorio. No inventa compatibilidad, velocidad, disponibilidad ni acceso legal; los datos pueden cambiar tras una actualización.","Issues & Troubleshooting","https://addons-stremio.com/forum/es/category/probleme","Flix-Streams","https://addons-stremio.com/addon/flix-streams","3","2026-08-28T17:24:11.375Z","2026-08-28T17:24:11.390Z","2026-08-28T17:24:11.374Z","","2026-08-28T17:24:11.384Z: Crea una prueba reproducible para Flix-Streams. Anota la versión 1.1.20 y los recursos stream, catalog, meta sin borrar todavía la configuración. Reinicia Stremio y prueba un título compatible. Indica si falta el catálogo, los metadatos, los subtítulos o la fuente reproducible: son fallos distintos y no conviene resumirlos como “no funciona”.

2026-08-28T17:24:11.386Z: Flix-Streams declara los tipos movie, series, anime, tv y 0 entradas de catálogo. La configuración está disponible. Si no se declara un catálogo, una fila nueva no es la prueba adecuada. Cuando exista configuración, conserva una sola variante hasta verificarla en la misma cuenta antes de instalar otras.

2026-08-28T17:24:11.389Z: Para continuar el diagnóstico de Flix-Streams, incluye dispositivo, versión de Stremio, versión del addon, un ejemplo y el recurso observado. El estado del directorio es ONLINE y los idiomas declarados son multi; ninguno garantiza cobertura total. No publiques tokens, claves de debrid, contraseñas ni manifiestos personalizados."
"53","¿Necesita ArabCity una configuración previa a la instalación?","necesita-arabcity-una-configuracion-previa-a-la-instalacion","https://addons-stremio.com/forum/es/thread/53-necesita-arabcity-una-configuracion-previa-a-la-instalacion","es","discussion","true","Nota editorial: esta guía está publicada por el equipo de addons-stremio.com, no por un usuario independiente ni por el desarrollador del addon.

¿Necesita ArabCity una configuración previa a la instalación?

La presencia de una URL de configuración es una señal verificable. Si no existe, no deben inventarse ajustes de proveedor.

Datos verificados en el directorio
- Versión: 1.0.5
- Estado en el directorio: ONLINE
- Tipos multimedia declarados: arabcity-akwam, arabcity-alooytv
- Categorías: movies, tv-shows, metadata
- Idiomas declarados: ar
- Recursos del manifiesto: catalog, meta, stream
- Entradas de catálogo: 17
- Página de configuración: disponible

Procedimiento práctico
1. Abre la ficha del addon y compara su versión y recursos actuales con los datos siguientes.
2. Instala con la cuenta Stremio del dispositivo de destino y después reinicia o actualiza ese cliente.

El manifiesto de ArabCity expone actualmente catalog, meta, stream y su configuración está disponible. Estos datos determinan el camino de instalación y el lugar correcto de la interfaz. No garantizan resultados para cada título, región o proveedor.

La página utiliza el manifiesto almacenado y el control de salud del directorio. No inventa compatibilidad, velocidad, disponibilidad ni acceso legal; los datos pueden cambiar tras una actualización.","Issues & Troubleshooting","https://addons-stremio.com/forum/es/category/probleme","ArabCity","https://addons-stremio.com/addon/arabcity","3","2026-08-28T17:24:11.356Z","2026-08-28T17:24:11.356Z","2026-08-28T17:24:11.355Z","","2026-08-28T17:24:11.363Z: Crea una prueba reproducible para ArabCity. Anota la versión 1.0.5 y los recursos catalog, meta, stream sin borrar todavía la configuración. Reinicia Stremio y prueba un título compatible. Indica si falta el catálogo, los metadatos, los subtítulos o la fuente reproducible: son fallos distintos y no conviene resumirlos como “no funciona”.

2026-08-28T17:24:11.365Z: ArabCity declara los tipos arabcity-akwam, arabcity-alooytv y 17 entradas de catálogo. La configuración está disponible. Si no se declara un catálogo, una fila nueva no es la prueba adecuada. Cuando exista configuración, conserva una sola variante hasta verificarla en la misma cuenta antes de instalar otras.

2026-08-28T17:24:11.366Z: Para continuar el diagnóstico de ArabCity, incluye dispositivo, versión de Stremio, versión del addon, un ejemplo y el recurso observado. El estado del directorio es ONLINE y los idiomas declarados son ar; ninguno garantiza cobertura total. No publiques tokens, claves de debrid, contraseñas ni manifiestos personalizados."
"52","Cómo eliminar y reinstalar M3U/EPG TV Addon limpiamente cuando la configuración está obsoleta","como-eliminar-y-reinstalar-m3u-epg-tv-addon-limpiamente-cuando-la-configuracion-esta-obsoleta","https://addons-stremio.com/forum/es/thread/52-como-eliminar-y-reinstalar-m3u-epg-tv-addon-limpiamente-cuando-la-configuracion-esta-obsoleta","es","question","true","Nota editorial: esta guía está publicada por el equipo de addons-stremio.com, no por un usuario independiente ni por el desarrollador del addon.

Cómo eliminar y reinstalar M3U/EPG TV Addon limpiamente cuando la configuración está obsoleta

Antes de reinstalar, registra la configuración actual para no perder una preferencia o clave que sí funcionaba.

Datos verificados en el directorio
- Versión: 1.2.0
- Estado en el directorio: ONLINE
- Tipos multimedia declarados: tv, movie
- Categorías: movies, tv-shows, documentaries, sports, kids, live-tv, music, metadata
- Idiomas declarados: multi
- Recursos del manifiesto: catalog, stream, meta
- Entradas de catálogo: 2
- Página de configuración: disponible

Procedimiento práctico
1. Prueba una película o serie conocida, anota el resultado y cambia un solo ajuste antes de repetir.
2. Usa la configuración solo cuando esté indicada y completa las opciones antes de instalar el manifiesto resultante.

El manifiesto de M3U/EPG TV Addon expone actualmente catalog, stream, meta y su configuración está disponible. Estos datos determinan el camino de instalación y el lugar correcto de la interfaz. No garantizan resultados para cada título, región o proveedor.

La página utiliza el manifiesto almacenado y el control de salud del directorio. No inventa compatibilidad, velocidad, disponibilidad ni acceso legal; los datos pueden cambiar tras una actualización.","Live TV","https://addons-stremio.com/forum/es/category/live-tv","M3U/EPG TV Addon","https://addons-stremio.com/addon/m3uepg-tv-addon","3","2026-08-28T17:24:11.320Z","2026-08-28T17:24:11.347Z","2026-08-28T17:24:11.318Z","","2026-08-28T17:24:11.336Z: Crea una prueba reproducible para M3U/EPG TV Addon. Anota la versión 1.2.0 y los recursos catalog, stream, meta sin borrar todavía la configuración. Reinicia Stremio y prueba un título compatible. Indica si falta el catálogo, los metadatos, los subtítulos o la fuente reproducible: son fallos distintos y no conviene resumirlos como “no funciona”.

2026-08-28T17:24:11.342Z: M3U/EPG TV Addon declara los tipos tv, movie y 2 entradas de catálogo. La configuración está disponible. Si no se declara un catálogo, una fila nueva no es la prueba adecuada. Cuando exista configuración, conserva una sola variante hasta verificarla en la misma cuenta antes de instalar otras.

2026-08-28T17:24:11.346Z: Para continuar el diagnóstico de M3U/EPG TV Addon, incluye dispositivo, versión de Stremio, versión del addon, un ejemplo y el recurso observado. El estado del directorio es ONLINE y los idiomas declarados son multi; ninguno garantiza cobertura total. No publiques tokens, claves de debrid, contraseñas ni manifiestos personalizados."
"51","Catálogo, metadatos, stream o subtítulos: ¿qué función cumple SubMaker | ElfHosted?","catalogo-metadatos-stream-o-subtitulos-que-funcion-cumple-submaker-elfhosted","https://addons-stremio.com/forum/es/thread/51-catalogo-metadatos-stream-o-subtitulos-que-funcion-cumple-submaker-elfhosted","es","discussion","true","Nota editorial: esta guía está publicada por el equipo de addons-stremio.com, no por un usuario independiente ni por el desarrollador del addon.

Catálogo, metadatos, stream o subtítulos: ¿qué función cumple SubMaker | ElfHosted?

El manifiesto separa funciones. Identificar la función declarada indica también dónde debería aparecer el resultado.

Datos verificados en el directorio
- Versión: 1.4.88
- Estado en el directorio: ONLINE
- Tipos multimedia declarados: movie, series, anime
- Categorías: movies, tv-shows, anime, subtitles
- Idiomas declarados: multi
- Recursos del manifiesto: subtitles
- Entradas de catálogo: 0
- Página de configuración: disponible

Procedimiento práctico
1. Comprueba la sección que corresponde al recurso declarado; no todos los addons crean una fila de catálogo.
2. Abre la ficha del addon y compara su versión y recursos actuales con los datos siguientes.

El manifiesto de SubMaker | ElfHosted expone actualmente subtitles y su configuración está disponible. Estos datos determinan el camino de instalación y el lugar correcto de la interfaz. No garantizan resultados para cada título, región o proveedor.

La página utiliza el manifiesto almacenado y el control de salud del directorio. No inventa compatibilidad, velocidad, disponibilidad ni acceso legal; los datos pueden cambiar tras una actualización.","Subtitles","https://addons-stremio.com/forum/es/category/subtitrari","SubMaker | ElfHosted","https://addons-stremio.com/addon/submaker-elfhosted","3","2026-08-28T17:24:11.294Z","2026-08-28T17:24:11.294Z","2026-08-28T17:24:11.293Z","","2026-08-28T17:24:11.304Z: Crea una prueba reproducible para SubMaker | ElfHosted. Anota la versión 1.4.88 y los recursos subtitles sin borrar todavía la configuración. Reinicia Stremio y prueba un título compatible. Indica si falta el catálogo, los metadatos, los subtítulos o la fuente reproducible: son fallos distintos y no conviene resumirlos como “no funciona”.

2026-08-28T17:24:11.305Z: SubMaker | ElfHosted declara los tipos movie, series, anime y 0 entradas de catálogo. La configuración está disponible. Si no se declara un catálogo, una fila nueva no es la prueba adecuada. Cuando exista configuración, conserva una sola variante hasta verificarla en la misma cuenta antes de instalar otras.

2026-08-28T17:24:11.313Z: Para continuar el diagnóstico de SubMaker | ElfHosted, incluye dispositivo, versión de Stremio, versión del addon, un ejemplo y el recurso observado. El estado del directorio es ONLINE y los idiomas declarados son multi; ninguno garantiza cobertura total. No publiques tokens, claves de debrid, contraseñas ni manifiestos personalizados."
"50","Cómo investigar búsquedas vacías devueltas por GTSubs","como-investigar-busquedas-vacias-devueltas-por-gtsubs","https://addons-stremio.com/forum/es/thread/50-como-investigar-busquedas-vacias-devueltas-por-gtsubs","es","question","true","Nota editorial: esta guía está publicada por el equipo de addons-stremio.com, no por un usuario independiente ni por el desarrollador del addon.

Cómo investigar búsquedas vacías devueltas por GTSubs

Una búsqueda vacía puede deberse a que no existe el parámetro search, al tipo de contenido o a que no hay coincidencia.

Datos verificados en el directorio
- Versión: 1.1.8
- Estado en el directorio: ONLINE
- Tipos multimedia declarados: movie, series, anime, subtitles
- Categorías: movies, tv-shows, anime, subtitles
- Idiomas declarados: multi
- Recursos del manifiesto: subtitles
- Entradas de catálogo: 0
- Página de configuración: disponible

Procedimiento práctico
1. Instala con la cuenta Stremio del dispositivo de destino y después reinicia o actualiza ese cliente.
2. Prueba una película o serie conocida, anota el resultado y cambia un solo ajuste antes de repetir.

El manifiesto de GTSubs expone actualmente subtitles y su configuración está disponible. Estos datos determinan el camino de instalación y el lugar correcto de la interfaz. No garantizan resultados para cada título, región o proveedor.

La página utiliza el manifiesto almacenado y el control de salud del directorio. No inventa compatibilidad, velocidad, disponibilidad ni acceso legal; los datos pueden cambiar tras una actualización.","Subtitles","https://addons-stremio.com/forum/es/category/subtitrari","GTSubs","https://addons-stremio.com/addon/gtsubs","3","2026-08-28T17:24:11.266Z","2026-08-28T17:24:11.281Z","2026-08-28T17:24:11.265Z","","2026-08-28T17:24:11.271Z: Crea una prueba reproducible para GTSubs. Anota la versión 1.1.8 y los recursos subtitles sin borrar todavía la configuración. Reinicia Stremio y prueba un título compatible. Indica si falta el catálogo, los metadatos, los subtítulos o la fuente reproducible: son fallos distintos y no conviene resumirlos como “no funciona”.

2026-08-28T17:24:11.277Z: GTSubs declara los tipos movie, series, anime, subtitles y 0 entradas de catálogo. La configuración está disponible. Si no se declara un catálogo, una fila nueva no es la prueba adecuada. Cuando exista configuración, conserva una sola variante hasta verificarla en la misma cuenta antes de instalar otras.

2026-08-28T17:24:11.278Z: Para continuar el diagnóstico de GTSubs, incluye dispositivo, versión de Stremio, versión del addon, un ejemplo y el recurso observado. El estado del directorio es ONLINE y los idiomas declarados son multi; ninguno garantiza cobertura total. No publiques tokens, claves de debrid, contraseñas ni manifiestos personalizados."
"49","Usar Ytztvio en Android TV mediante la sincronización de la cuenta Stremio","usar-ytztvio-en-android-tv-mediante-la-sincronizacion-de-la-cuenta-stremio","https://addons-stremio.com/forum/es/thread/49-usar-ytztvio-en-android-tv-mediante-la-sincronizacion-de-la-cuenta-stremio","es","question","true","Nota editorial: esta guía está publicada por el equipo de addons-stremio.com, no por un usuario independiente ni por el desarrollador del addon.

Usar Ytztvio en Android TV mediante la sincronización de la cuenta Stremio

El televisor recibe normalmente los addons de la misma cuenta Stremio. Primero comprueba la cuenta y después actualiza la aplicación.

Datos verificados en el directorio
- Versión: 1.1.0
- Estado en el directorio: ONLINE
- Tipos multimedia declarados: movie, series
- Categorías: movies, tv-shows
- Idiomas declarados: multi
- Recursos del manifiesto: stream
- Entradas de catálogo: 0
- Página de configuración: no indicada

Procedimiento práctico
1. Usa la configuración solo cuando esté indicada y completa las opciones antes de instalar el manifiesto resultante.
2. Comprueba la sección que corresponde al recurso declarado; no todos los addons crean una fila de catálogo.

El manifiesto de Ytztvio expone actualmente stream y su configuración está no indicada. Estos datos determinan el camino de instalación y el lugar correcto de la interfaz. No garantizan resultados para cada título, región o proveedor.

La página utiliza el manifiesto almacenado y el control de salud del directorio. No inventa compatibilidad, velocidad, disponibilidad ni acceso legal; los datos pueden cambiar tras una actualización.","General","https://addons-stremio.com/forum/es/category/general","Ytztvio","https://addons-stremio.com/addon/ytztvio","3","2026-08-28T17:24:11.240Z","2026-08-28T17:24:11.255Z","2026-08-28T17:24:11.239Z","","2026-08-28T17:24:11.248Z: Crea una prueba reproducible para Ytztvio. Anota la versión 1.1.0 y los recursos stream sin borrar todavía la configuración. Reinicia Stremio y prueba un título compatible. Indica si falta el catálogo, los metadatos, los subtítulos o la fuente reproducible: son fallos distintos y no conviene resumirlos como “no funciona”.

2026-08-28T17:24:11.250Z: Ytztvio declara los tipos movie, series y 0 entradas de catálogo. La configuración está no indicada. Si no se declara un catálogo, una fila nueva no es la prueba adecuada. Cuando exista configuración, conserva una sola variante hasta verificarla en la misma cuenta antes de instalar otras.

2026-08-28T17:24:11.252Z: Para continuar el diagnóstico de Ytztvio, incluye dispositivo, versión de Stremio, versión del addon, un ejemplo y el recurso observado. El estado del directorio es ONLINE y los idiomas declarados son multi; ninguno garantiza cobertura total. No publiques tokens, claves de debrid, contraseñas ni manifiestos personalizados."
"48","Lista de comprobación segura después de una actualización de YouTubio | ElfHosted","lista-de-comprobacion-segura-despues-de-una-actualizacion-de-youtubio-elfhosted","https://addons-stremio.com/forum/es/thread/48-lista-de-comprobacion-segura-despues-de-una-actualizacion-de-youtubio-elfhosted","es","discussion","true","Nota editorial: esta guía está publicada por el equipo de addons-stremio.com, no por un usuario independiente ni por el desarrollador del addon.

Lista de comprobación segura después de una actualización de YouTubio | ElfHosted

Una actualización puede cambiar catálogos, identificadores u opciones. Un título conocido permite comparar sin mezclar variables.

Datos verificados en el directorio
- Versión: 0.14.7
- Estado en el directorio: ONLINE
- Tipos multimedia declarados: youtube
- Categorías: subtitles, metadata
- Idiomas declarados: multi
- Recursos del manifiesto: catalog, stream, meta, subtitles
- Entradas de catálogo: 2
- Página de configuración: disponible

Procedimiento práctico
1. Abre la ficha del addon y compara su versión y recursos actuales con los datos siguientes.
2. Instala con la cuenta Stremio del dispositivo de destino y después reinicia o actualiza ese cliente.

El manifiesto de YouTubio | ElfHosted expone actualmente catalog, stream, meta, subtitles y su configuración está disponible. Estos datos determinan el camino de instalación y el lugar correcto de la interfaz. No garantizan resultados para cada título, región o proveedor.

La página utiliza el manifiesto almacenado y el control de salud del directorio. No inventa compatibilidad, velocidad, disponibilidad ni acceso legal; los datos pueden cambiar tras una actualización.","Subtitles","https://addons-stremio.com/forum/es/category/subtitrari","YouTubio | ElfHosted","https://addons-stremio.com/addon/youtubio-elfhosted","3","2026-08-28T17:24:11.221Z","2026-08-28T17:24:11.221Z","2026-08-28T17:24:11.220Z","","2026-08-28T17:24:11.229Z: Crea una prueba reproducible para YouTubio | ElfHosted. Anota la versión 0.14.7 y los recursos catalog, stream, meta, subtitles sin borrar todavía la configuración. Reinicia Stremio y prueba un título compatible. Indica si falta el catálogo, los metadatos, los subtítulos o la fuente reproducible: son fallos distintos y no conviene resumirlos como “no funciona”.

2026-08-28T17:24:11.231Z: YouTubio | ElfHosted declara los tipos youtube y 2 entradas de catálogo. La configuración está disponible. Si no se declara un catálogo, una fila nueva no es la prueba adecuada. Cuando exista configuración, conserva una sola variante hasta verificarla en la misma cuenta antes de instalar otras.

2026-08-28T17:24:11.233Z: Para continuar el diagnóstico de YouTubio | ElfHosted, incluye dispositivo, versión de Stremio, versión del addon, un ejemplo y el recurso observado. El estado del directorio es ONLINE y los idiomas declarados son multi; ninguno garantiza cobertura total. No publiques tokens, claves de debrid, contraseñas ni manifiestos personalizados."
"47","Por qué Stremio Community Subtitles puede mostrar metadatos sin ofrecer una fuente reproducible","por-que-stremio-community-subtitles-puede-mostrar-metadatos-sin-ofrecer-una-fuente-reproducible","https://addons-stremio.com/forum/es/thread/47-por-que-stremio-community-subtitles-puede-mostrar-metadatos-sin-ofrecer-una-fuente-reproducible","es","question","true","Nota editorial: esta guía está publicada por el equipo de addons-stremio.com, no por un usuario independiente ni por el desarrollador del addon.

Por qué Stremio Community Subtitles puede mostrar metadatos sin ofrecer una fuente reproducible

Los metadatos y la reproducción son recursos separados. La prueba debe identificar qué capa proporciona realmente el addon.

Datos verificados en el directorio
- Versión: 0.7.2
- Estado en el directorio: ONLINE
- Tipos multimedia declarados: movie, series
- Categorías: movies, tv-shows, subtitles
- Idiomas declarados: multi
- Recursos del manifiesto: subtitles
- Entradas de catálogo: 0
- Página de configuración: disponible

Procedimiento práctico
1. Prueba una película o serie conocida, anota el resultado y cambia un solo ajuste antes de repetir.
2. Usa la configuración solo cuando esté indicada y completa las opciones antes de instalar el manifiesto resultante.

El manifiesto de Stremio Community Subtitles expone actualmente subtitles y su configuración está disponible. Estos datos determinan el camino de instalación y el lugar correcto de la interfaz. No garantizan resultados para cada título, región o proveedor.

La página utiliza el manifiesto almacenado y el control de salud del directorio. No inventa compatibilidad, velocidad, disponibilidad ni acceso legal; los datos pueden cambiar tras una actualización.","Subtitles","https://addons-stremio.com/forum/es/category/subtitrari","Stremio Community Subtitles","https://addons-stremio.com/addon/stremio-community-subtitles","3","2026-08-28T17:24:11.195Z","2026-08-28T17:24:11.210Z","2026-08-28T17:24:11.193Z","","2026-08-28T17:24:11.203Z: Crea una prueba reproducible para Stremio Community Subtitles. Anota la versión 0.7.2 y los recursos subtitles sin borrar todavía la configuración. Reinicia Stremio y prueba un título compatible. Indica si falta el catálogo, los metadatos, los subtítulos o la fuente reproducible: son fallos distintos y no conviene resumirlos como “no funciona”.

2026-08-28T17:24:11.205Z: Stremio Community Subtitles declara los tipos movie, series y 0 entradas de catálogo. La configuración está disponible. Si no se declara un catálogo, una fila nueva no es la prueba adecuada. Cuando exista configuración, conserva una sola variante hasta verificarla en la misma cuenta antes de instalar otras.

2026-08-28T17:24:11.208Z: Para continuar el diagnóstico de Stremio Community Subtitles, incluye dispositivo, versión de Stremio, versión del addon, un ejemplo y el recurso observado. El estado del directorio es ONLINE y los idiomas declarados son multi; ninguno garantiza cobertura total. No publiques tokens, claves de debrid, contraseñas ni manifiestos personalizados."
"46","Reconfigurar Magyar TV sin dejar entradas duplicadas en Stremio","reconfigurar-magyar-tv-sin-dejar-entradas-duplicadas-en-stremio","https://addons-stremio.com/forum/es/thread/46-reconfigurar-magyar-tv-sin-dejar-entradas-duplicadas-en-stremio","es","question","true","Nota editorial: esta guía está publicada por el equipo de addons-stremio.com, no por un usuario independiente ni por el desarrollador del addon.

Reconfigurar Magyar TV sin dejar entradas duplicadas en Stremio

Una configuración nueva puede generar otro manifiesto. Conviene probarlo antes de borrar el anterior y conservar una sola variante válida.

Datos verificados en el directorio
- Versión: 0.1.1
- Estado en el directorio: ONLINE
- Tipos multimedia declarados: tv
- Categorías: documentaries, asian-drama, anime, tv-shows, movies, bollywood, sports, kids, live-tv, subtitles, metadata, radio
- Idiomas declarados: multi
- Recursos del manifiesto: catalog, meta, stream
- Entradas de catálogo: 7
- Página de configuración: no indicada

Procedimiento práctico
1. Comprueba la sección que corresponde al recurso declarado; no todos los addons crean una fila de catálogo.
2. Abre la ficha del addon y compara su versión y recursos actuales con los datos siguientes.

El manifiesto de Magyar TV expone actualmente catalog, meta, stream y su configuración está no indicada. Estos datos determinan el camino de instalación y el lugar correcto de la interfaz. No garantizan resultados para cada título, región o proveedor.

La página utiliza el manifiesto almacenado y el control de salud del directorio. No inventa compatibilidad, velocidad, disponibilidad ni acceso legal; los datos pueden cambiar tras una actualización.","Subtitles","https://addons-stremio.com/forum/es/category/subtitrari","Magyar TV","https://addons-stremio.com/addon/magyar-tv","3","2026-08-28T17:24:11.167Z","2026-08-28T17:34:00.103Z","2026-08-28T17:24:11.166Z","","2026-08-28T17:24:11.177Z: Crea una prueba reproducible para Magyar TV. Anota la versión 0.1.1 y los recursos catalog, meta, stream sin borrar todavía la configuración. Reinicia Stremio y prueba un título compatible. Indica si falta el catálogo, los metadatos, los subtítulos o la fuente reproducible: son fallos distintos y no conviene resumirlos como “no funciona”.

2026-08-28T17:24:11.179Z: Magyar TV declara los tipos tv y 7 entradas de catálogo. La configuración está no indicada. Si no se declara un catálogo, una fila nueva no es la prueba adecuada. Cuando exista configuración, conserva una sola variante hasta verificarla en la misma cuenta antes de instalar otras.

2026-08-28T17:24:11.180Z: Para continuar el diagnóstico de Magyar TV, incluye dispositivo, versión de Stremio, versión del addon, un ejemplo y el recurso observado. El estado del directorio es ONLINE y los idiomas declarados son multi; ninguno garantiza cobertura total. No publiques tokens, claves de debrid, contraseñas ni manifiestos personalizados."
"45","Cómo interpretar el manifiesto de OpenSubtitles v3 antes de cambiar ajustes","como-interpretar-el-manifiesto-de-opensubtitles-v3-antes-de-cambiar-ajustes","https://addons-stremio.com/forum/es/thread/45-como-interpretar-el-manifiesto-de-opensubtitles-v3-antes-de-cambiar-ajustes","es","question","true","Nota editorial: esta guía está publicada por el equipo de addons-stremio.com, no por un usuario independiente ni por el desarrollador del addon.

Cómo interpretar el manifiesto de OpenSubtitles v3 antes de cambiar ajustes

Leer primero los recursos declarados evita esperar reproducción de un addon que solo entrega catálogo, metadatos o subtítulos.

Datos verificados en el directorio
- Versión: 1.0.0
- Estado en el directorio: ONLINE
- Tipos multimedia declarados: movie, series
- Categorías: movies, tv-shows, subtitles
- Idiomas declarados: multi
- Recursos del manifiesto: subtitles
- Entradas de catálogo: 0
- Página de configuración: no indicada

Procedimiento práctico
1. Instala con la cuenta Stremio del dispositivo de destino y después reinicia o actualiza ese cliente.
2. Prueba una película o serie conocida, anota el resultado y cambia un solo ajuste antes de repetir.

El manifiesto de OpenSubtitles v3 expone actualmente subtitles y su configuración está no indicada. Estos datos determinan el camino de instalación y el lugar correcto de la interfaz. No garantizan resultados para cada título, región o proveedor.

La página utiliza el manifiesto almacenado y el control de salud del directorio. No inventa compatibilidad, velocidad, disponibilidad ni acceso legal; los datos pueden cambiar tras una actualización.","Subtitles","https://addons-stremio.com/forum/es/category/subtitrari","OpenSubtitles v3","https://addons-stremio.com/addon/opensubtitles-v3","3","2026-08-28T17:24:11.141Z","2026-08-28T17:24:11.159Z","2026-08-28T17:24:11.140Z","de:https://addons-stremio.com/forum/de/thread/105-das-manifest-von-opensubtitles-v3-verstehen-bevor-einstellungen-geandert-werden|en:https://addons-stremio.com/forum/en/thread/5-understanding-the-opensubtitles-v3-manifest-before-changing-any-settings|es:https://addons-stremio.com/forum/es/thread/45-como-interpretar-el-manifiesto-de-opensubtitles-v3-antes-de-cambiar-ajustes|fr:https://addons-stremio.com/forum/fr/thread/85-comprendre-le-manifeste-de-opensubtitles-v3-avant-de-modifier-les-reglages|pt-br:https://addons-stremio.com/forum/pt-br/thread/65-como-entender-o-manifesto-do-opensubtitles-v3-antes-de-alterar-configuracoes|ro:https://addons-stremio.com/forum/ro/thread/25-cum-citesti-manifestul-opensubtitles-v3-inainte-sa-modifici-setarile","2026-08-28T17:24:11.148Z: Crea una prueba reproducible para OpenSubtitles v3. Anota la versión 1.0.0 y los recursos subtitles sin borrar todavía la configuración. Reinicia Stremio y prueba un título compatible. Indica si falta el catálogo, los metadatos, los subtítulos o la fuente reproducible: son fallos distintos y no conviene resumirlos como “no funciona”.

2026-08-28T17:24:11.155Z: OpenSubtitles v3 declara los tipos movie, series y 0 entradas de catálogo. La configuración está no indicada. Si no se declara un catálogo, una fila nueva no es la prueba adecuada. Cuando exista configuración, conserva una sola variante hasta verificarla en la misma cuenta antes de instalar otras.

2026-08-28T17:24:11.158Z: Para continuar el diagnóstico de OpenSubtitles v3, incluye dispositivo, versión de Stremio, versión del addon, un ejemplo y el recurso observado. El estado del directorio es ONLINE y los idiomas declarados son multi; ninguno garantiza cobertura total. No publiques tokens, claves de debrid, contraseñas ni manifiestos personalizados."
"44","Comet | ElfHosted está instalado pero no aparece un catálogo nuevo: diagnóstico ordenado","comet-elfhosted-esta-instalado-pero-no-aparece-un-catalogo-nuevo-diagnostico-ordenado","https://addons-stremio.com/forum/es/thread/44-comet-elfhosted-esta-instalado-pero-no-aparece-un-catalogo-nuevo-diagnostico-ordenado","es","question","true","Nota editorial: esta guía está publicada por el equipo de addons-stremio.com, no por un usuario independiente ni por el desarrollador del addon.

Comet | ElfHosted está instalado pero no aparece un catálogo nuevo: diagnóstico ordenado

Que no aparezca un catálogo no implica un fallo: un addon de streams, metadatos o subtítulos puede funcionar sin crear una fila inicial.

Datos verificados en el directorio
- Versión: 2.0.0
- Estado en el directorio: ONLINE
- Tipos multimedia declarados: movie, series, anime, other
- Categorías: movies, tv-shows, anime, debrid, torrents
- Idiomas declarados: multi
- Recursos del manifiesto: stream
- Entradas de catálogo: 0
- Página de configuración: disponible

Procedimiento práctico
1. Usa la configuración solo cuando esté indicada y completa las opciones antes de instalar el manifiesto resultante.
2. Comprueba la sección que corresponde al recurso declarado; no todos los addons crean una fila de catálogo.

El manifiesto de Comet | ElfHosted expone actualmente stream y su configuración está disponible. Estos datos determinan el camino de instalación y el lugar correcto de la interfaz. No garantizan resultados para cada título, región o proveedor.

La página utiliza el manifiesto almacenado y el control de salud del directorio. No inventa compatibilidad, velocidad, disponibilidad ni acceso legal; los datos pueden cambiar tras una actualización.","Anime","https://addons-stremio.com/forum/es/category/anime","Comet | ElfHosted","https://addons-stremio.com/addon/comet","3","2026-08-28T17:24:11.123Z","2026-08-28T17:24:11.135Z","2026-08-28T17:24:11.122Z","de:https://addons-stremio.com/forum/de/thread/104-comet-elfhosted-ist-installiert-aber-kein-neuer-katalog-erscheint-systematische-diagnose|en:https://addons-stremio.com/forum/en/thread/4-comet-elfhosted-is-installed-but-no-new-catalog-appears-a-structured-diagnosis|es:https://addons-stremio.com/forum/es/thread/44-comet-elfhosted-esta-instalado-pero-no-aparece-un-catalogo-nuevo-diagnostico-ordenado|fr:https://addons-stremio.com/forum/fr/thread/84-comet-elfhosted-est-installe-mais-aucun-nouveau-catalogue-n-apparait-diagnostic-methodique|pt-br:https://addons-stremio.com/forum/pt-br/thread/64-comet-elfhosted-esta-instalado-mas-nenhum-catalogo-novo-aparece-diagnostico-pratico|ro:https://addons-stremio.com/forum/ro/thread/24-comet-elfhosted-este-instalat-dar-nu-apare-un-catalog-nou-diagnostic-pas-cu-pas","2026-08-28T17:24:11.129Z: Crea una prueba reproducible para Comet | ElfHosted. Anota la versión 2.0.0 y los recursos stream sin borrar todavía la configuración. Reinicia Stremio y prueba un título compatible. Indica si falta el catálogo, los metadatos, los subtítulos o la fuente reproducible: son fallos distintos y no conviene resumirlos como “no funciona”.

2026-08-28T17:24:11.131Z: Comet | ElfHosted declara los tipos movie, series, anime, other y 0 entradas de catálogo. La configuración está disponible. Si no se declara un catálogo, una fila nueva no es la prueba adecuada. Cuando exista configuración, conserva una sola variante hasta verificarla en la misma cuenta antes de instalar otras.

2026-08-28T17:24:11.133Z: Para continuar el diagnóstico de Comet | ElfHosted, incluye dispositivo, versión de Stremio, versión del addon, un ejemplo y el recurso observado. El estado del directorio es ONLINE y los idiomas declarados son multi; ninguno garantiza cobertura total. No publiques tokens, claves de debrid, contraseñas ni manifiestos personalizados."
"43","Cómo instalar Torrentio y comprobar exactamente qué añade a Stremio","como-instalar-torrentio-y-comprobar-exactamente-que-anade-a-stremio","https://addons-stremio.com/forum/es/thread/43-como-instalar-torrentio-y-comprobar-exactamente-que-anade-a-stremio","es","discussion","true","Nota editorial: esta guía está publicada por el equipo de addons-stremio.com, no por un usuario independiente ni por el desarrollador del addon.

Cómo instalar Torrentio y comprobar exactamente qué añade a Stremio

Una instalación útil termina al confirmar qué recursos del manifiesto quedaron asociados a la cuenta, no al pulsar el botón.

Datos verificados en el directorio
- Versión: 0.0.15
- Estado en el directorio: ONLINE
- Tipos multimedia declarados: movie, series, anime, other
- Categorías: movies, tv-shows, anime, debrid, torrents
- Idiomas declarados: multi
- Recursos del manifiesto: stream
- Entradas de catálogo: 0
- Página de configuración: disponible

Procedimiento práctico
1. Abre la ficha del addon y compara su versión y recursos actuales con los datos siguientes.
2. Instala con la cuenta Stremio del dispositivo de destino y después reinicia o actualiza ese cliente.

El manifiesto de Torrentio expone actualmente stream y su configuración está disponible. Estos datos determinan el camino de instalación y el lugar correcto de la interfaz. No garantizan resultados para cada título, región o proveedor.

La página utiliza el manifiesto almacenado y el control de salud del directorio. No inventa compatibilidad, velocidad, disponibilidad ni acceso legal; los datos pueden cambiar tras una actualización.","Anime","https://addons-stremio.com/forum/es/category/anime","Torrentio","https://addons-stremio.com/addon/torrentio","3","2026-08-28T17:24:11.102Z","2026-08-28T17:24:11.102Z","2026-08-28T17:24:11.101Z","de:https://addons-stremio.com/forum/de/thread/103-torrentio-installieren-und-genau-prufen-was-das-addon-zu-stremio-hinzufugt|en:https://addons-stremio.com/forum/en/thread/3-how-to-install-torrentio-and-verify-exactly-what-it-adds-to-stremio|es:https://addons-stremio.com/forum/es/thread/43-como-instalar-torrentio-y-comprobar-exactamente-que-anade-a-stremio|fr:https://addons-stremio.com/forum/fr/thread/83-installer-torrentio-et-verifier-precisement-ce-qu-il-ajoute-a-stremio|pt-br:https://addons-stremio.com/forum/pt-br/thread/63-como-instalar-torrentio-e-confirmar-exatamente-o-que-ele-adiciona-ao-stremio|ro:https://addons-stremio.com/forum/ro/thread/23-cum-instalezi-torrentio-si-verifici-exact-ce-adauga-in-stremio","2026-08-28T17:24:11.107Z: Crea una prueba reproducible para Torrentio. Anota la versión 0.0.15 y los recursos stream sin borrar todavía la configuración. Reinicia Stremio y prueba un título compatible. Indica si falta el catálogo, los metadatos, los subtítulos o la fuente reproducible: son fallos distintos y no conviene resumirlos como “no funciona”.

2026-08-28T17:24:11.113Z: Torrentio declara los tipos movie, series, anime, other y 0 entradas de catálogo. La configuración está disponible. Si no se declara un catálogo, una fila nueva no es la prueba adecuada. Cuando exista configuración, conserva una sola variante hasta verificarla en la misma cuenta antes de instalar otras.

2026-08-28T17:24:11.114Z: Para continuar el diagnóstico de Torrentio, incluye dispositivo, versión de Stremio, versión del addon, un ejemplo y el recurso observado. El estado del directorio es ONLINE y los idiomas declarados son multi; ninguno garantiza cobertura total. No publiques tokens, claves de debrid, contraseñas ni manifiestos personalizados."
"42","Verificări de confidențialitate înainte să introduci date în configurarea Cinemeta (with ratings)","verificari-de-confidentialitate-inainte-sa-introduci-date-in-configurarea-cinemeta-with-ratings","https://addons-stremio.com/forum/ro/thread/42-verificari-de-confidentialitate-inainte-sa-introduci-date-in-configurarea-cinemeta-with-ratings","ro","question","true","Notă editorială: acest ghid este publicat de echipa addons-stremio.com, nu de un utilizator independent și nici de dezvoltatorul addonului.

Verificări de confidențialitate înainte să introduci date în configurarea Cinemeta (with ratings)

Pagina de configurare este externă directorului. Verifică domeniul și datele solicitate și nu introduce credențiale care nu sunt necesare.

Date verificate în director
- Versiune: 3.0.14
- Stare în director: ONLINE
- Tipuri media declarate: movie, series
- Categorii: movies, tv-shows, documentaries, sports, metadata
- Limbi declarate: multi
- Resurse din manifest: catalog, meta, addon_catalog
- Intrări de catalog: 8
- Pagină de configurare: disponibilă

Procedură practică
1. Testează un film sau serial cunoscut, notează rezultatul și schimbă o singură setare înainte de următorul test.
2. Folosește configurarea numai dacă este listată și finalizează opțiunile înainte de instalarea manifestului rezultat.

Pentru Cinemeta (with ratings), manifestul expune acum catalog, meta, addon_catalog, iar configurarea este disponibilă. Aceste două date stabilesc calea corectă de instalare și locul unde ar trebui să apară rezultatul. Ele nu garantează conținut pentru orice titlu, regiune sau furnizor.

Pagina folosește manifestul stocat și monitorizarea directorului. Nu inventează suport, viteză, disponibilitate sau acces legal, iar datele se pot schimba după actualizarea manifestului.","Issues & Troubleshooting","https://addons-stremio.com/forum/ro/category/probleme","Cinemeta (with ratings)","https://addons-stremio.com/addon/cinemeta-with-ratings","3","2026-08-28T17:24:11.077Z","2026-08-28T17:24:11.091Z","2026-08-28T17:24:11.075Z","","2026-08-28T17:24:11.084Z: Pornește de la o bază reproductibilă pentru Cinemeta (with ratings): notează versiunea 3.0.14 și resursele catalog, meta, addon_catalog, fără să ștergi încă setări. Repornește Stremio și testează un titlu potrivit. Precizează dacă lipsește catalogul, metadatele, subtitrarea sau sursa redabilă; sunt patru probleme diferite și nu trebuie raportate vag ca „nu merge”.

2026-08-28T17:24:11.085Z: Cinemeta (with ratings) declară tipurile movie, series și 8 intrări de catalog. Pagina de configurare este disponibilă. Dacă nu există catalog declarat, rândul de pe homepage nu este testul potrivit. Când configurarea există, salvează o singură variantă și verific-o în același cont înainte să instalezi altele.

2026-08-28T17:24:11.090Z: Pentru un răspuns util despre Cinemeta (with ratings), adaugă dispozitivul, versiunea clientului Stremio, versiunea addonului, un exemplu de titlu și resursa observată. Starea din director este ONLINE, iar limbile declarate sunt multi; niciuna nu garantează rezultate pentru orice element. Nu publica tokenuri, chei debrid, parole sau URL-uri personalizate."
"41","Recuperarea CineTorrent după o problemă de cache sau sincronizare Stremio","recuperarea-cinetorrent-dupa-o-problema-de-cache-sau-sincronizare-stremio","https://addons-stremio.com/forum/ro/thread/41-recuperarea-cinetorrent-dupa-o-problema-de-cache-sau-sincronizare-stremio","ro","question","true","Notă editorială: acest ghid este publicat de echipa addons-stremio.com, nu de un utilizator independent și nici de dezvoltatorul addonului.

Recuperarea CineTorrent după o problemă de cache sau sincronizare Stremio

Problemele de cache se testează prin sincronizare și repornire, fără reinstalări repetate între fiecare verificare.

Date verificate în director
- Versiune: 1.0.3
- Stare în director: ONLINE
- Tipuri media declarate: movie, series
- Categorii: movies, tv-shows, torrents
- Limbi declarate: pt, en
- Resurse din manifest: stream
- Intrări de catalog: 1
- Pagină de configurare: nelistată

Procedură practică
1. Verifică zona Stremio corespunzătoare resursei declarate; nu toate addonurile creează un catalog pe homepage.
2. Deschide pagina addonului și compară versiunea și resursele curente cu datele de mai jos.

Pentru CineTorrent, manifestul expune acum stream, iar configurarea este nelistată. Aceste două date stabilesc calea corectă de instalare și locul unde ar trebui să apară rezultatul. Ele nu garantează conținut pentru orice titlu, regiune sau furnizor.

Pagina folosește manifestul stocat și monitorizarea directorului. Nu inventează suport, viteză, disponibilitate sau acces legal, iar datele se pot schimba după actualizarea manifestului.","General","https://addons-stremio.com/forum/ro/category/general","CineTorrent","https://addons-stremio.com/addon/cinetorrent","3","2026-08-28T17:24:11.019Z","2026-08-28T17:24:11.066Z","2026-08-28T17:24:11.018Z","","2026-08-28T17:24:11.041Z: Pornește de la o bază reproductibilă pentru CineTorrent: notează versiunea 1.0.3 și resursele stream, fără să ștergi încă setări. Repornește Stremio și testează un titlu potrivit. Precizează dacă lipsește catalogul, metadatele, subtitrarea sau sursa redabilă; sunt patru probleme diferite și nu trebuie raportate vag ca „nu merge”.

2026-08-28T17:24:11.055Z: CineTorrent declară tipurile movie, series și 1 intrări de catalog. Pagina de configurare este nelistată. Dacă nu există catalog declarat, rândul de pe homepage nu este testul potrivit. Când configurarea există, salvează o singură variantă și verific-o în același cont înainte să instalezi altele.

2026-08-28T17:24:11.062Z: Pentru un răspuns util despre CineTorrent, adaugă dispozitivul, versiunea clientului Stremio, versiunea addonului, un exemplu de titlu și resursa observată. Starea din director este ONLINE, iar limbile declarate sunt pt, en; niciuna nu garantează rezultate pentru orice element. Nu publica tokenuri, chei debrid, parole sau URL-uri personalizate."
"40","Debrid Search oferă filme, seriale, TV live sau doar date auxiliare?","debrid-search-ofera-filme-seriale-tv-live-sau-doar-date-auxiliare","https://addons-stremio.com/forum/ro/thread/40-debrid-search-ofera-filme-seriale-tv-live-sau-doar-date-auxiliare","ro","discussion","true","Notă editorială: acest ghid este publicat de echipa addons-stremio.com, nu de un utilizator independent și nici de dezvoltatorul addonului.

Debrid Search oferă filme, seriale, TV live sau doar date auxiliare?

Tipurile arată conținutul acceptat, iar resursele arată ce furnizează efectiv addonul pentru acel conținut.

Date verificate în director
- Versiune: 0.1.11
- Stare în director: ONLINE
- Tipuri media declarate: movie, series, anime, other
- Categorii: movies, tv-shows, anime, metadata, debrid
- Limbi declarate: multi
- Resurse din manifest: catalog, stream
- Intrări de catalog: 0
- Pagină de configurare: disponibilă

Procedură practică
1. Instalează din contul Stremio folosit pe dispozitivul țintă, apoi repornește sau reîmprospătează clientul.
2. Testează un film sau serial cunoscut, notează rezultatul și schimbă o singură setare înainte de următorul test.

Pentru Debrid Search, manifestul expune acum catalog, stream, iar configurarea este disponibilă. Aceste două date stabilesc calea corectă de instalare și locul unde ar trebui să apară rezultatul. Ele nu garantează conținut pentru orice titlu, regiune sau furnizor.

Pagina folosește manifestul stocat și monitorizarea directorului. Nu inventează suport, viteză, disponibilitate sau acces legal, iar datele se pot schimba după actualizarea manifestului.","Anime","https://addons-stremio.com/forum/ro/category/anime","Debrid Search","https://addons-stremio.com/addon/debrid-search","3","2026-08-28T17:24:11.001Z","2026-08-28T17:24:11.001Z","2026-08-28T17:24:11.000Z","","2026-08-28T17:24:11.010Z: Pornește de la o bază reproductibilă pentru Debrid Search: notează versiunea 0.1.11 și resursele catalog, stream, fără să ștergi încă setări. Repornește Stremio și testează un titlu potrivit. Precizează dacă lipsește catalogul, metadatele, subtitrarea sau sursa redabilă; sunt patru probleme diferite și nu trebuie raportate vag ca „nu merge”.

2026-08-28T17:24:11.012Z: Debrid Search declară tipurile movie, series, anime, other și 0 intrări de catalog. Pagina de configurare este disponibilă. Dacă nu există catalog declarat, rândul de pe homepage nu este testul potrivit. Când configurarea există, salvează o singură variantă și verific-o în același cont înainte să instalezi altele.

2026-08-28T17:24:11.013Z: Pentru un răspuns util despre Debrid Search, adaugă dispozitivul, versiunea clientului Stremio, versiunea addonului, un exemplu de titlu și resursa observată. Starea din director este ONLINE, iar limbile declarate sunt multi; niciuna nu garantează rezultate pentru orice element. Nu publica tokenuri, chei debrid, parole sau URL-uri personalizate."
"39","Cum elimini rândurile duplicate după instalarea SubDL Subtitles","cum-elimini-randurile-duplicate-dupa-instalarea-subdl-subtitles","https://addons-stremio.com/forum/ro/thread/39-cum-elimini-randurile-duplicate-dupa-instalarea-subdl-subtitles","ro","question","true","Notă editorială: acest ghid este publicat de echipa addons-stremio.com, nu de un utilizator independent și nici de dezvoltatorul addonului.

Cum elimini rândurile duplicate după instalarea SubDL Subtitles

Dublurile apar de obicei când două variante de manifest expun cataloage asemănătoare. Identifică varianta corectă înainte de ștergere.

Date verificate în director
- Versiune: 1.1.10
- Stare în director: ONLINE
- Tipuri media declarate: movie, series, anime, subtitles
- Categorii: movies, tv-shows, anime, subtitles
- Limbi declarate: multi
- Resurse din manifest: subtitles
- Intrări de catalog: 0
- Pagină de configurare: disponibilă

Procedură practică
1. Folosește configurarea numai dacă este listată și finalizează opțiunile înainte de instalarea manifestului rezultat.
2. Verifică zona Stremio corespunzătoare resursei declarate; nu toate addonurile creează un catalog pe homepage.

Pentru SubDL Subtitles, manifestul expune acum subtitles, iar configurarea este disponibilă. Aceste două date stabilesc calea corectă de instalare și locul unde ar trebui să apară rezultatul. Ele nu garantează conținut pentru orice titlu, regiune sau furnizor.

Pagina folosește manifestul stocat și monitorizarea directorului. Nu inventează suport, viteză, disponibilitate sau acces legal, iar datele se pot schimba după actualizarea manifestului.","Subtitles","https://addons-stremio.com/forum/ro/category/subtitrari","SubDL Subtitles","https://addons-stremio.com/addon/subdl-subtitles","3","2026-08-28T17:24:10.984Z","2026-08-28T17:36:33.287Z","2026-08-28T17:24:10.983Z","","2026-08-28T17:24:10.987Z: Pornește de la o bază reproductibilă pentru SubDL Subtitles: notează versiunea 1.1.10 și resursele subtitles, fără să ștergi încă setări. Repornește Stremio și testează un titlu potrivit. Precizează dacă lipsește catalogul, metadatele, subtitrarea sau sursa redabilă; sunt patru probleme diferite și nu trebuie raportate vag ca „nu merge”.

2026-08-28T17:24:10.990Z: SubDL Subtitles declară tipurile movie, series, anime, subtitles și 0 intrări de catalog. Pagina de configurare este disponibilă. Dacă nu există catalog declarat, rândul de pe homepage nu este testul potrivit. Când configurarea există, salvează o singură variantă și verific-o în același cont înainte să instalezi altele.

2026-08-28T17:24:10.992Z: Pentru un răspuns util despre SubDL Subtitles, adaugă dispozitivul, versiunea clientului Stremio, versiunea addonului, un exemplu de titlu și resursa observată. Starea din director este ONLINE, iar limbile declarate sunt multi; niciuna nu garantează rezultate pentru orice element. Nu publica tokenuri, chei debrid, parole sau URL-uri personalizate."
"38","Diferențe între Jackettio | ElfHosted pe desktop și pe televizor","diferente-intre-jackettio-elfhosted-pe-desktop-si-pe-televizor","https://addons-stremio.com/forum/ro/thread/38-diferente-intre-jackettio-elfhosted-pe-desktop-si-pe-televizor","ro","discussion","true","Notă editorială: acest ghid este publicat de echipa addons-stremio.com, nu de un utilizator independent și nici de dezvoltatorul addonului.

Diferențe între Jackettio | ElfHosted pe desktop și pe televizor

Clienții desktop și TV pot păstra cache diferit. Compară-i doar pe același cont și după o reîmprospătare.

Date verificate în director
- Versiune: 1.7.0
- Stare în director: ONLINE
- Tipuri media declarate: movie, series
- Categorii: movies, tv-shows, debrid
- Limbi declarate: multi
- Resurse din manifest: stream
- Intrări de catalog: 0
- Pagină de configurare: disponibilă

Procedură practică
1. Deschide pagina addonului și compară versiunea și resursele curente cu datele de mai jos.
2. Instalează din contul Stremio folosit pe dispozitivul țintă, apoi repornește sau reîmprospătează clientul.

Pentru Jackettio | ElfHosted, manifestul expune acum stream, iar configurarea este disponibilă. Aceste două date stabilesc calea corectă de instalare și locul unde ar trebui să apară rezultatul. Ele nu garantează conținut pentru orice titlu, regiune sau furnizor.

Pagina folosește manifestul stocat și monitorizarea directorului. Nu inventează suport, viteză, disponibilitate sau acces legal, iar datele se pot schimba după actualizarea manifestului.","Debrid","https://addons-stremio.com/forum/ro/category/debrid","Jackettio | ElfHosted","https://addons-stremio.com/addon/jackettio","3","2026-08-28T17:24:10.967Z","2026-08-28T17:24:10.967Z","2026-08-28T17:24:10.966Z","","2026-08-28T17:24:10.972Z: Pornește de la o bază reproductibilă pentru Jackettio | ElfHosted: notează versiunea 1.7.0 și resursele stream, fără să ștergi încă setări. Repornește Stremio și testează un titlu potrivit. Precizează dacă lipsește catalogul, metadatele, subtitrarea sau sursa redabilă; sunt patru probleme diferite și nu trebuie raportate vag ca „nu merge”.

2026-08-28T17:24:10.976Z: Jackettio | ElfHosted declară tipurile movie, series și 0 intrări de catalog. Pagina de configurare este disponibilă. Dacă nu există catalog declarat, rândul de pe homepage nu este testul potrivit. Când configurarea există, salvează o singură variantă și verific-o în același cont înainte să instalezi altele.

2026-08-28T17:24:10.978Z: Pentru un răspuns util despre Jackettio | ElfHosted, adaugă dispozitivul, versiunea clientului Stremio, versiunea addonului, un exemplu de titlu și resursa observată. Starea din director este ONLINE, iar limbile declarate sunt multi; niciuna nu garantează rezultate pentru orice element. Nu publica tokenuri, chei debrid, parole sau URL-uri personalizate."
"37","Ce informații trebuie strânse înainte să raportezi o problemă la MediaFusion | ElfHosted","ce-informatii-trebuie-stranse-inainte-sa-raportezi-o-problema-la-mediafusion-elfhosted","https://addons-stremio.com/forum/ro/thread/37-ce-informatii-trebuie-stranse-inainte-sa-raportezi-o-problema-la-mediafusion-elfhosted","ro","question","true","Notă editorială: acest ghid este publicat de echipa addons-stremio.com, nu de un utilizator independent și nici de dezvoltatorul addonului.

Ce informații trebuie strânse înainte să raportezi o problemă la MediaFusion | ElfHosted

Un raport bun include versiunea, dispozitivul, identificatorul titlului, resursa așteptată și pasul exact unde rezultatul dispare.

Date verificate în director
- Versiune: 6.1.3
- Stare în director: ONLINE
- Tipuri media declarate: movie, series, tv, events
- Categorii: movies, tv-shows, live-tv, metadata, debrid, torrents
- Limbi declarate: multi
- Resurse din manifest: catalog, stream, meta
- Intrări de catalog: 0
- Pagină de configurare: disponibilă

Procedură practică
1. Testează un film sau serial cunoscut, notează rezultatul și schimbă o singură setare înainte de următorul test.
2. Folosește configurarea numai dacă este listată și finalizează opțiunile înainte de instalarea manifestului rezultat.

Pentru MediaFusion | ElfHosted, manifestul expune acum catalog, stream, meta, iar configurarea este disponibilă. Aceste două date stabilesc calea corectă de instalare și locul unde ar trebui să apară rezultatul. Ele nu garantează conținut pentru orice titlu, regiune sau furnizor.

Pagina folosește manifestul stocat și monitorizarea directorului. Nu inventează suport, viteză, disponibilitate sau acces legal, iar datele se pot schimba după actualizarea manifestului.","Issues & Troubleshooting","https://addons-stremio.com/forum/ro/category/probleme","MediaFusion | ElfHosted","https://addons-stremio.com/addon/mediafusion-elfhosted","3","2026-08-28T17:24:10.937Z","2026-08-28T17:24:10.951Z","2026-08-28T17:24:10.936Z","","2026-08-28T17:24:10.945Z: Pornește de la o bază reproductibilă pentru MediaFusion | ElfHosted: notează versiunea 6.1.3 și resursele catalog, stream, meta, fără să ștergi încă setări. Repornește Stremio și testează un titlu potrivit. Precizează dacă lipsește catalogul, metadatele, subtitrarea sau sursa redabilă; sunt patru probleme diferite și nu trebuie raportate vag ca „nu merge”.

2026-08-28T17:24:10.946Z: MediaFusion | ElfHosted declară tipurile movie, series, tv, events și 0 intrări de catalog. Pagina de configurare este disponibilă. Dacă nu există catalog declarat, rândul de pe homepage nu este testul potrivit. Când configurarea există, salvează o singură variantă și verific-o în același cont înainte să instalezi altele.

2026-08-28T17:24:10.949Z: Pentru un răspuns util despre MediaFusion | ElfHosted, adaugă dispozitivul, versiunea clientului Stremio, versiunea addonului, un exemplu de titlu și resursa observată. Starea din director este ONLINE, iar limbile declarate sunt multi; niciuna nu garantează rezultate pentru orice element. Nu publica tokenuri, chei debrid, parole sau URL-uri personalizate."
"36","Cum verifici manifestul TMDB Discover+ fără să presupui că addonul este căzut","cum-verifici-manifestul-tmdb-discover-fara-sa-presupui-ca-addonul-este-cazut","https://addons-stremio.com/forum/ro/thread/36-cum-verifici-manifestul-tmdb-discover-fara-sa-presupui-ca-addonul-este-cazut","ro","question","true","Notă editorială: acest ghid este publicat de echipa addons-stremio.com, nu de un utilizator independent și nici de dezvoltatorul addonului.

Cum verifici manifestul TMDB Discover+ fără să presupui că addonul este căzut

Răspunsul manifestului și existența unui stream sunt teste diferite. Starea din director reprezintă ultimul rezultat monitorizat.

Date verificate în director
- Versiune: 2.10.5
- Stare în director: ONLINE
- Tipuri media declarate: movie, series
- Categorii: movies, tv-shows, metadata
- Limbi declarate: multi
- Resurse din manifest: catalog, meta
- Intrări de catalog: 0
- Pagină de configurare: disponibilă

Procedură practică
1. Verifică zona Stremio corespunzătoare resursei declarate; nu toate addonurile creează un catalog pe homepage.
2. Deschide pagina addonului și compară versiunea și resursele curente cu datele de mai jos.

Pentru TMDB Discover+, manifestul expune acum catalog, meta, iar configurarea este disponibilă. Aceste două date stabilesc calea corectă de instalare și locul unde ar trebui să apară rezultatul. Ele nu garantează conținut pentru orice titlu, regiune sau furnizor.

Pagina folosește manifestul stocat și monitorizarea directorului. Nu inventează suport, viteză, disponibilitate sau acces legal, iar datele se pot schimba după actualizarea manifestului.","Issues & Troubleshooting","https://addons-stremio.com/forum/ro/category/probleme","TMDB Discover+","https://addons-stremio.com/addon/tmdb-discover","3","2026-08-28T17:24:10.912Z","2026-08-28T17:24:10.927Z","2026-08-28T17:24:10.911Z","","2026-08-28T17:24:10.919Z: Pornește de la o bază reproductibilă pentru TMDB Discover+: notează versiunea 2.10.5 și resursele catalog, meta, fără să ștergi încă setări. Repornește Stremio și testează un titlu potrivit. Precizează dacă lipsește catalogul, metadatele, subtitrarea sau sursa redabilă; sunt patru probleme diferite și nu trebuie raportate vag ca „nu merge”.

2026-08-28T17:24:10.922Z: TMDB Discover+ declară tipurile movie, series și 0 intrări de catalog. Pagina de configurare este disponibilă. Dacă nu există catalog declarat, rândul de pe homepage nu este testul potrivit. Când configurarea există, salvează o singură variantă și verific-o în același cont înainte să instalezi altele.

2026-08-28T17:24:10.926Z: Pentru un răspuns util despre TMDB Discover+, adaugă dispozitivul, versiunea clientului Stremio, versiunea addonului, un exemplu de titlu și resursa observată. Starea din director este ONLINE, iar limbile declarate sunt multi; niciuna nu garantează rezultate pentru orice element. Nu publica tokenuri, chei debrid, parole sau URL-uri personalizate."
"35","De ce 🎯 Ratings Aggregator | ElfHosted merge pentru un titlu, dar nu și pentru altul","de-ce-ratings-aggregator-elfhosted-merge-pentru-un-titlu-dar-nu-si-pentru-altul","https://addons-stremio.com/forum/ro/thread/35-de-ce-ratings-aggregator-elfhosted-merge-pentru-un-titlu-dar-nu-si-pentru-altul","ro","question","true","Notă editorială: acest ghid este publicat de echipa addons-stremio.com, nu de un utilizator independent și nici de dezvoltatorul addonului.

De ce 🎯 Ratings Aggregator | ElfHosted merge pentru un titlu, dar nu și pentru altul

Diferențele între titluri apar frecvent din identificatori și tipuri acceptate. Două exemple separă o pană generală de o lipsă de acoperire.

Date verificate în director
- Versiune: 1.8.1
- Stare în director: ONLINE
- Tipuri media declarate: movie, series
- Categorii: movies, tv-shows
- Limbi declarate: multi
- Resurse din manifest: stream
- Intrări de catalog: 0
- Pagină de configurare: disponibilă

Procedură practică
1. Instalează din contul Stremio folosit pe dispozitivul țintă, apoi repornește sau reîmprospătează clientul.
2. Testează un film sau serial cunoscut, notează rezultatul și schimbă o singură setare înainte de următorul test.

Pentru 🎯 Ratings Aggregator | ElfHosted, manifestul expune acum stream, iar configurarea este disponibilă. Aceste două date stabilesc calea corectă de instalare și locul unde ar trebui să apară rezultatul. Ele nu garantează conținut pentru orice titlu, regiune sau furnizor.

Pagina folosește manifestul stocat și monitorizarea directorului. Nu inventează suport, viteză, disponibilitate sau acces legal, iar datele se pot schimba după actualizarea manifestului.","Recommendations","https://addons-stremio.com/forum/ro/category/recomandari","🎯 Ratings Aggregator | ElfHosted","https://addons-stremio.com/addon/ratings-aggregator","3","2026-08-28T17:24:10.885Z","2026-08-28T17:24:10.902Z","2026-08-28T17:24:10.883Z","","2026-08-28T17:24:10.893Z: Pornește de la o bază reproductibilă pentru 🎯 Ratings Aggregator | ElfHosted: notează versiunea 1.8.1 și resursele stream, fără să ștergi încă setări. Repornește Stremio și testează un titlu potrivit. Precizează dacă lipsește catalogul, metadatele, subtitrarea sau sursa redabilă; sunt patru probleme diferite și nu trebuie raportate vag ca „nu merge”.

2026-08-28T17:24:10.895Z: 🎯 Ratings Aggregator | ElfHosted declară tipurile movie, series și 0 intrări de catalog. Pagina de configurare este disponibilă. Dacă nu există catalog declarat, rândul de pe homepage nu este testul potrivit. Când configurarea există, salvează o singură variantă și verific-o în același cont înainte să instalezi altele.

2026-08-28T17:24:10.901Z: Pentru un răspuns util despre 🎯 Ratings Aggregator | ElfHosted, adaugă dispozitivul, versiunea clientului Stremio, versiunea addonului, un exemplu de titlu și resursa observată. Starea din director este ONLINE, iar limbile declarate sunt multi; niciuna nu garantează rezultate pentru orice element. Nu publica tokenuri, chei debrid, parole sau URL-uri personalizate."
"34","Rezultate în limba sau regiunea greșită în AIOCatalogs: ce poți verifica","rezultate-in-limba-sau-regiunea-gresita-in-aiocatalogs-ce-poti-verifica","https://addons-stremio.com/forum/ro/thread/34-rezultate-in-limba-sau-regiunea-gresita-in-aiocatalogs-ce-poti-verifica","ro","question","true","Notă editorială: acest ghid este publicat de echipa addons-stremio.com, nu de un utilizator independent și nici de dezvoltatorul addonului.

Rezultate în limba sau regiunea greșită în AIOCatalogs: ce poți verifica

Limbile declarate arată acoperirea generală, nu garantează aceleași opțiuni audio, metadate sau subtitrări pentru fiecare titlu.

Date verificate în director
- Versiune: 1.5.1
- Stare în director: ONLINE
- Tipuri media declarate: movie
- Categorii: movies, metadata
- Limbi declarate: multi
- Resurse din manifest: catalog
- Intrări de catalog: 1
- Pagină de configurare: disponibilă

Procedură practică
1. Folosește configurarea numai dacă este listată și finalizează opțiunile înainte de instalarea manifestului rezultat.
2. Verifică zona Stremio corespunzătoare resursei declarate; nu toate addonurile creează un catalog pe homepage.

Pentru AIOCatalogs, manifestul expune acum catalog, iar configurarea este disponibilă. Aceste două date stabilesc calea corectă de instalare și locul unde ar trebui să apară rezultatul. Ele nu garantează conținut pentru orice titlu, regiune sau furnizor.

Pagina folosește manifestul stocat și monitorizarea directorului. Nu inventează suport, viteză, disponibilitate sau acces legal, iar datele se pot schimba după actualizarea manifestului.","Issues & Troubleshooting","https://addons-stremio.com/forum/ro/category/probleme","AIOCatalogs","https://addons-stremio.com/addon/aiocatalogs","3","2026-08-28T17:24:10.854Z","2026-08-28T17:24:10.875Z","2026-08-28T17:24:10.853Z","","2026-08-28T17:24:10.864Z: Pornește de la o bază reproductibilă pentru AIOCatalogs: notează versiunea 1.5.1 și resursele catalog, fără să ștergi încă setări. Repornește Stremio și testează un titlu potrivit. Precizează dacă lipsește catalogul, metadatele, subtitrarea sau sursa redabilă; sunt patru probleme diferite și nu trebuie raportate vag ca „nu merge”.

2026-08-28T17:24:10.866Z: AIOCatalogs declară tipurile movie și 1 intrări de catalog. Pagina de configurare este disponibilă. Dacă nu există catalog declarat, rândul de pe homepage nu este testul potrivit. Când configurarea există, salvează o singură variantă și verific-o în același cont înainte să instalezi altele.

2026-08-28T17:24:10.872Z: Pentru un răspuns util despre AIOCatalogs, adaugă dispozitivul, versiunea clientului Stremio, versiunea addonului, un exemplu de titlu și resursa observată. Starea din director este ONLINE, iar limbile declarate sunt multi; niciuna nu garantează rezultate pentru orice element. Nu publica tokenuri, chei debrid, parole sau URL-uri personalizate."
"33","Are Streaming Catalogs Plus nevoie de configurare înainte de instalare?","are-streaming-catalogs-plus-nevoie-de-configurare-inainte-de-instalare","https://addons-stremio.com/forum/ro/thread/33-are-streaming-catalogs-plus-nevoie-de-configurare-inainte-de-instalare","ro","discussion","true","Notă editorială: acest ghid este publicat de echipa addons-stremio.com, nu de un utilizator independent și nici de dezvoltatorul addonului.

Are Streaming Catalogs Plus nevoie de configurare înainte de instalare?

Un URL de configurare prezent este un semnal concret. Dacă lipsește, nu trebuie inventate setări de cont sau furnizor.

Date verificate în director
- Versiune: 5.0.20
- Stare în director: ONLINE
- Tipuri media declarate: movie, series
- Categorii: movies, tv-shows, kids, metadata
- Limbi declarate: multi
- Resurse din manifest: catalog, meta
- Intrări de catalog: 45
- Pagină de configurare: disponibilă

Procedură practică
1. Deschide pagina addonului și compară versiunea și resursele curente cu datele de mai jos.
2. Instalează din contul Stremio folosit pe dispozitivul țintă, apoi repornește sau reîmprospătează clientul.

Pentru Streaming Catalogs Plus, manifestul expune acum catalog, meta, iar configurarea este disponibilă. Aceste două date stabilesc calea corectă de instalare și locul unde ar trebui să apară rezultatul. Ele nu garantează conținut pentru orice titlu, regiune sau furnizor.

Pagina folosește manifestul stocat și monitorizarea directorului. Nu inventează suport, viteză, disponibilitate sau acces legal, iar datele se pot schimba după actualizarea manifestului.","Issues & Troubleshooting","https://addons-stremio.com/forum/ro/category/probleme","Streaming Catalogs Plus","https://addons-stremio.com/addon/streaming-catalogs-plus","3","2026-08-28T17:24:10.828Z","2026-08-28T17:24:10.828Z","2026-08-28T17:24:10.827Z","","2026-08-28T17:24:10.842Z: Pornește de la o bază reproductibilă pentru Streaming Catalogs Plus: notează versiunea 5.0.20 și resursele catalog, meta, fără să ștergi încă setări. Repornește Stremio și testează un titlu potrivit. Precizează dacă lipsește catalogul, metadatele, subtitrarea sau sursa redabilă; sunt patru probleme diferite și nu trebuie raportate vag ca „nu merge”.

2026-08-28T17:24:10.846Z: Streaming Catalogs Plus declară tipurile movie, series și 45 intrări de catalog. Pagina de configurare este disponibilă. Dacă nu există catalog declarat, rândul de pe homepage nu este testul potrivit. Când configurarea există, salvează o singură variantă și verific-o în același cont înainte să instalezi altele.

2026-08-28T17:24:10.850Z: Pentru un răspuns util despre Streaming Catalogs Plus, adaugă dispozitivul, versiunea clientului Stremio, versiunea addonului, un exemplu de titlu și resursa observată. Starea din director este ONLINE, iar limbile declarate sunt multi; niciuna nu garantează rezultate pentru orice element. Nu publica tokenuri, chei debrid, parole sau URL-uri personalizate."
"32","Dezinstalarea și reinstalarea curată a PenguPlay când setările sunt vechi","dezinstalarea-si-reinstalarea-curata-a-penguplay-cand-setarile-sunt-vechi","https://addons-stremio.com/forum/ro/thread/32-dezinstalarea-si-reinstalarea-curata-a-penguplay-cand-setarile-sunt-vechi","ro","question","true","Notă editorială: acest ghid este publicat de echipa addons-stremio.com, nu de un utilizator independent și nici de dezvoltatorul addonului.

Dezinstalarea și reinstalarea curată a PenguPlay când setările sunt vechi

Înainte de reinstalare notează configurația curentă. Altfel poți pierde o preferință sau o cheie care funcționa.

Date verificate în director
- Versiune: 1.3.7
- Stare în director: ONLINE
- Tipuri media declarate: movie, series
- Categorii: movies, tv-shows, anime, subtitles
- Limbi declarate: es, pt, fr, de, it, ru, ar, hi
- Resurse din manifest: stream, subtitles
- Intrări de catalog: 0
- Pagină de configurare: disponibilă

Procedură practică
1. Testează un film sau serial cunoscut, notează rezultatul și schimbă o singură setare înainte de următorul test.
2. Folosește configurarea numai dacă este listată și finalizează opțiunile înainte de instalarea manifestului rezultat.

Pentru PenguPlay, manifestul expune acum stream, subtitles, iar configurarea este disponibilă. Aceste două date stabilesc calea corectă de instalare și locul unde ar trebui să apară rezultatul. Ele nu garantează conținut pentru orice titlu, regiune sau furnizor.

Pagina folosește manifestul stocat și monitorizarea directorului. Nu inventează suport, viteză, disponibilitate sau acces legal, iar datele se pot schimba după actualizarea manifestului.","Subtitles","https://addons-stremio.com/forum/ro/category/subtitrari","PenguPlay","https://addons-stremio.com/addon/penguplay","3","2026-08-28T17:24:10.803Z","2026-08-28T17:24:10.821Z","2026-08-28T17:24:10.802Z","","2026-08-28T17:24:10.814Z: Pornește de la o bază reproductibilă pentru PenguPlay: notează versiunea 1.3.7 și resursele stream, subtitles, fără să ștergi încă setări. Repornește Stremio și testează un titlu potrivit. Precizează dacă lipsește catalogul, metadatele, subtitrarea sau sursa redabilă; sunt patru probleme diferite și nu trebuie raportate vag ca „nu merge”.

2026-08-28T17:24:10.819Z: PenguPlay declară tipurile movie, series și 0 intrări de catalog. Pagina de configurare este disponibilă. Dacă nu există catalog declarat, rândul de pe homepage nu este testul potrivit. Când configurarea există, salvează o singură variantă și verific-o în același cont înainte să instalezi altele.

2026-08-28T17:24:10.820Z: Pentru un răspuns util despre PenguPlay, adaugă dispozitivul, versiunea clientului Stremio, versiunea addonului, un exemplu de titlu și resursa observată. Starea din director este ONLINE, iar limbile declarate sunt es, pt, fr, de, it, ru, ar, hi; niciuna nu garantează rezultate pentru orice element. Nu publica tokenuri, chei debrid, parole sau URL-uri personalizate."
"31","Catalog, metadate, stream sau subtitrări: care este rolul TMDB Collections?","catalog-metadate-stream-sau-subtitrari-care-este-rolul-tmdb-collections","https://addons-stremio.com/forum/ro/thread/31-catalog-metadate-stream-sau-subtitrari-care-este-rolul-tmdb-collections","ro","discussion","true","Notă editorială: acest ghid este publicat de echipa addons-stremio.com, nu de un utilizator independent și nici de dezvoltatorul addonului.

Catalog, metadate, stream sau subtitrări: care este rolul TMDB Collections?

Manifestul separă funcțiile addonului. Când identifici resursa declarată, știi și în ce zonă a interfeței trebuie căutat rezultatul.

Date verificate în director
- Versiune: 2.2.1
- Stare în director: ONLINE
- Tipuri media declarate: movie, collections
- Categorii: movies, tv-shows, documentaries, music, metadata
- Limbi declarate: ro
- Resurse din manifest: catalog, meta, stream
- Intrări de catalog: 6
- Pagină de configurare: disponibilă

Procedură practică
1. Verifică zona Stremio corespunzătoare resursei declarate; nu toate addonurile creează un catalog pe homepage.
2. Deschide pagina addonului și compară versiunea și resursele curente cu datele de mai jos.

Pentru TMDB Collections, manifestul expune acum catalog, meta, stream, iar configurarea este disponibilă. Aceste două date stabilesc calea corectă de instalare și locul unde ar trebui să apară rezultatul. Ele nu garantează conținut pentru orice titlu, regiune sau furnizor.

Pagina folosește manifestul stocat și monitorizarea directorului. Nu inventează suport, viteză, disponibilitate sau acces legal, iar datele se pot schimba după actualizarea manifestului.","Recommendations","https://addons-stremio.com/forum/ro/category/recomandari","TMDB Collections","https://addons-stremio.com/addon/tmdb-collections","3","2026-08-28T17:24:10.780Z","2026-08-28T17:24:10.780Z","2026-08-28T17:24:10.779Z","","2026-08-28T17:24:10.788Z: Pornește de la o bază reproductibilă pentru TMDB Collections: notează versiunea 2.2.1 și resursele catalog, meta, stream, fără să ștergi încă setări. Repornește Stremio și testează un titlu potrivit. Precizează dacă lipsește catalogul, metadatele, subtitrarea sau sursa redabilă; sunt patru probleme diferite și nu trebuie raportate vag ca „nu merge”.

2026-08-28T17:24:10.793Z: TMDB Collections declară tipurile movie, collections și 6 intrări de catalog. Pagina de configurare este disponibilă. Dacă nu există catalog declarat, rândul de pe homepage nu este testul potrivit. Când configurarea există, salvează o singură variantă și verific-o în același cont înainte să instalezi altele.

2026-08-28T17:24:10.797Z: Pentru un răspuns util despre TMDB Collections, adaugă dispozitivul, versiunea clientului Stremio, versiunea addonului, un exemplu de titlu și resursa observată. Starea din director este ONLINE, iar limbile declarate sunt ro; niciuna nu garantează rezultate pentru orice element. Nu publica tokenuri, chei debrid, parole sau URL-uri personalizate."
"30","Cum investighezi rezultatele goale la căutarea prin Mico-Leão Dublado 🇧🇷","cum-investighezi-rezultatele-goale-la-cautarea-prin-mico-leao-dublado","https://addons-stremio.com/forum/ro/thread/30-cum-investighezi-rezultatele-goale-la-cautarea-prin-mico-leao-dublado","ro","question","true","Notă editorială: acest ghid este publicat de echipa addons-stremio.com, nu de un utilizator independent și nici de dezvoltatorul addonului.

Cum investighezi rezultatele goale la căutarea prin Mico-Leão Dublado 🇧🇷

O căutare goală poate indica lipsa opțiunii search, un tip media nesuportat ori pur și simplu absența rezultatului cerut.

Date verificate în director
- Versiune: 1.0.0
- Stare în director: ONLINE
- Tipuri media declarate: movie
- Categorii: movies, metadata
- Limbi declarate: pt
- Resurse din manifest: catalog, stream
- Intrări de catalog: 1
- Pagină de configurare: nelistată

Procedură practică
1. Instalează din contul Stremio folosit pe dispozitivul țintă, apoi repornește sau reîmprospătează clientul.
2. Testează un film sau serial cunoscut, notează rezultatul și schimbă o singură setare înainte de următorul test.

Pentru Mico-Leão Dublado 🇧🇷, manifestul expune acum catalog, stream, iar configurarea este nelistată. Aceste două date stabilesc calea corectă de instalare și locul unde ar trebui să apară rezultatul. Ele nu garantează conținut pentru orice titlu, regiune sau furnizor.

Pagina folosește manifestul stocat și monitorizarea directorului. Nu inventează suport, viteză, disponibilitate sau acces legal, iar datele se pot schimba după actualizarea manifestului.","Issues & Troubleshooting","https://addons-stremio.com/forum/ro/category/probleme","Mico-Leão Dublado 🇧🇷","https://addons-stremio.com/addon/mico-leao-dublado","3","2026-08-28T17:24:10.765Z","2026-08-28T17:24:10.772Z","2026-08-28T17:24:10.764Z","","2026-08-28T17:24:10.768Z: Pornește de la o bază reproductibilă pentru Mico-Leão Dublado 🇧🇷: notează versiunea 1.0.0 și resursele catalog, stream, fără să ștergi încă setări. Repornește Stremio și testează un titlu potrivit. Precizează dacă lipsește catalogul, metadatele, subtitrarea sau sursa redabilă; sunt patru probleme diferite și nu trebuie raportate vag ca „nu merge”.

2026-08-28T17:24:10.769Z: Mico-Leão Dublado 🇧🇷 declară tipurile movie și 1 intrări de catalog. Pagina de configurare este nelistată. Dacă nu există catalog declarat, rândul de pe homepage nu este testul potrivit. Când configurarea există, salvează o singură variantă și verific-o în același cont înainte să instalezi altele.

2026-08-28T17:24:10.770Z: Pentru un răspuns util despre Mico-Leão Dublado 🇧🇷, adaugă dispozitivul, versiunea clientului Stremio, versiunea addonului, un exemplu de titlu și resursa observată. Starea din director este ONLINE, iar limbile declarate sunt pt; niciuna nu garantează rezultate pentru orice element. Nu publica tokenuri, chei debrid, parole sau URL-uri personalizate."
"29","Folosirea StremThru Torz pe Android TV prin sincronizarea contului Stremio","folosirea-stremthru-torz-pe-android-tv-prin-sincronizarea-contului-stremio","https://addons-stremio.com/forum/ro/thread/29-folosirea-stremthru-torz-pe-android-tv-prin-sincronizarea-contului-stremio","ro","question","true","Notă editorială: acest ghid este publicat de echipa addons-stremio.com, nu de un utilizator independent și nici de dezvoltatorul addonului.

Folosirea StremThru Torz pe Android TV prin sincronizarea contului Stremio

Addonurile se sincronizează de regulă prin același cont Stremio. Pe televizor verifică întâi contul, apoi repornește aplicația.

Date verificate în director
- Versiune: 0.102.1
- Stare în director: ONLINE
- Tipuri media declarate: nedeclarat
- Categorii: movies, tv-shows, anime
- Limbi declarate: multi
- Resurse din manifest: stream
- Intrări de catalog: 0
- Pagină de configurare: disponibilă

Procedură practică
1. Folosește configurarea numai dacă este listată și finalizează opțiunile înainte de instalarea manifestului rezultat.
2. Verifică zona Stremio corespunzătoare resursei declarate; nu toate addonurile creează un catalog pe homepage.

Pentru StremThru Torz, manifestul expune acum stream, iar configurarea este disponibilă. Aceste două date stabilesc calea corectă de instalare și locul unde ar trebui să apară rezultatul. Ele nu garantează conținut pentru orice titlu, regiune sau furnizor.

Pagina folosește manifestul stocat și monitorizarea directorului. Nu inventează suport, viteză, disponibilitate sau acces legal, iar datele se pot schimba după actualizarea manifestului.","Anime","https://addons-stremio.com/forum/ro/category/anime","StremThru Torz","https://addons-stremio.com/addon/stremthru-torz","3","2026-08-28T17:24:10.748Z","2026-08-28T17:24:10.759Z","2026-08-28T17:24:10.747Z","","2026-08-28T17:24:10.755Z: Pornește de la o bază reproductibilă pentru StremThru Torz: notează versiunea 0.102.1 și resursele stream, fără să ștergi încă setări. Repornește Stremio și testează un titlu potrivit. Precizează dacă lipsește catalogul, metadatele, subtitrarea sau sursa redabilă; sunt patru probleme diferite și nu trebuie raportate vag ca „nu merge”.

2026-08-28T17:24:10.757Z: StremThru Torz declară tipurile nedeclarat și 0 intrări de catalog. Pagina de configurare este disponibilă. Dacă nu există catalog declarat, rândul de pe homepage nu este testul potrivit. Când configurarea există, salvează o singură variantă și verific-o în același cont înainte să instalezi altele.

2026-08-28T17:24:10.758Z: Pentru un răspuns util despre StremThru Torz, adaugă dispozitivul, versiunea clientului Stremio, versiunea addonului, un exemplu de titlu și resursa observată. Starea din director este ONLINE, iar limbile declarate sunt multi; niciuna nu garantează rezultate pentru orice element. Nu publica tokenuri, chei debrid, parole sau URL-uri personalizate."
"28","Ce verifici în siguranță după schimbarea versiunii More Like This","ce-verifici-in-siguranta-dupa-schimbarea-versiunii-more-like-this","https://addons-stremio.com/forum/ro/thread/28-ce-verifici-in-siguranta-dupa-schimbarea-versiunii-more-like-this","ro","discussion","true","Notă editorială: acest ghid este publicat de echipa addons-stremio.com, nu de un utilizator independent și nici de dezvoltatorul addonului.

Ce verifici în siguranță după schimbarea versiunii More Like This

După o versiune nouă se pot schimba identificatori, cataloage sau opțiuni. Un singur titlu cunoscut oferă o comparație curată.

Date verificate în director
- Versiune: 0.11.6
- Stare în director: ONLINE
- Tipuri media declarate: movie, series
- Categorii: movies, tv-shows, metadata
- Limbi declarate: multi
- Resurse din manifest: catalog, stream, meta
- Intrări de catalog: 0
- Pagină de configurare: disponibilă

Procedură practică
1. Deschide pagina addonului și compară versiunea și resursele curente cu datele de mai jos.
2. Instalează din contul Stremio folosit pe dispozitivul țintă, apoi repornește sau reîmprospătează clientul.

Pentru More Like This, manifestul expune acum catalog, stream, meta, iar configurarea este disponibilă. Aceste două date stabilesc calea corectă de instalare și locul unde ar trebui să apară rezultatul. Ele nu garantează conținut pentru orice titlu, regiune sau furnizor.

Pagina folosește manifestul stocat și monitorizarea directorului. Nu inventează suport, viteză, disponibilitate sau acces legal, iar datele se pot schimba după actualizarea manifestului.","Issues & Troubleshooting","https://addons-stremio.com/forum/ro/category/probleme","More Like This","https://addons-stremio.com/addon/more-like-this","3","2026-08-28T17:24:10.732Z","2026-08-28T17:24:10.732Z","2026-08-28T17:24:10.731Z","","2026-08-28T17:24:10.737Z: Pornește de la o bază reproductibilă pentru More Like This: notează versiunea 0.11.6 și resursele catalog, stream, meta, fără să ștergi încă setări. Repornește Stremio și testează un titlu potrivit. Precizează dacă lipsește catalogul, metadatele, subtitrarea sau sursa redabilă; sunt patru probleme diferite și nu trebuie raportate vag ca „nu merge”.

2026-08-28T17:24:10.739Z: More Like This declară tipurile movie, series și 0 intrări de catalog. Pagina de configurare este disponibilă. Dacă nu există catalog declarat, rândul de pe homepage nu este testul potrivit. Când configurarea există, salvează o singură variantă și verific-o în același cont înainte să instalezi altele.

2026-08-28T17:24:10.741Z: Pentru un răspuns util despre More Like This, adaugă dispozitivul, versiunea clientului Stremio, versiunea addonului, un exemplu de titlu și resursa observată. Starea din director este ONLINE, iar limbile declarate sunt multi; niciuna nu garantează rezultate pentru orice element. Nu publica tokenuri, chei debrid, parole sau URL-uri personalizate."
"27","De ce FrostView TV poate afișa metadate fără surse video redabile","de-ce-frostview-tv-poate-afisa-metadate-fara-surse-video-redabile","https://addons-stremio.com/forum/ro/thread/27-de-ce-frostview-tv-poate-afisa-metadate-fara-surse-video-redabile","ro","question","true","Notă editorială: acest ghid este publicat de echipa addons-stremio.com, nu de un utilizator independent și nici de dezvoltatorul addonului.

De ce FrostView TV poate afișa metadate fără surse video redabile

Metadatele și redarea sunt resurse separate. Verificarea arată ce strat furnizează addonul și ce trebuie obținut din altă sursă.

Date verificate în director
- Versiune: 2.1.9
- Stare în director: ONLINE
- Tipuri media declarate: channel
- Categorii: sports, metadata
- Limbi declarate: multi
- Resurse din manifest: catalog, meta, stream
- Intrări de catalog: 1
- Pagină de configurare: nelistată

Procedură practică
1. Testează un film sau serial cunoscut, notează rezultatul și schimbă o singură setare înainte de următorul test.
2. Folosește configurarea numai dacă este listată și finalizează opțiunile înainte de instalarea manifestului rezultat.

Pentru FrostView TV, manifestul expune acum catalog, meta, stream, iar configurarea este nelistată. Aceste două date stabilesc calea corectă de instalare și locul unde ar trebui să apară rezultatul. Ele nu garantează conținut pentru orice titlu, regiune sau furnizor.

Pagina folosește manifestul stocat și monitorizarea directorului. Nu inventează suport, viteză, disponibilitate sau acces legal, iar datele se pot schimba după actualizarea manifestului.","Live TV","https://addons-stremio.com/forum/ro/category/live-tv","FrostView TV","https://addons-stremio.com/addon/frostview","3","2026-08-28T17:24:10.712Z","2026-08-28T17:24:10.726Z","2026-08-28T17:24:10.711Z","","2026-08-28T17:24:10.721Z: Pornește de la o bază reproductibilă pentru FrostView TV: notează versiunea 2.1.9 și resursele catalog, meta, stream, fără să ștergi încă setări. Repornește Stremio și testează un titlu potrivit. Precizează dacă lipsește catalogul, metadatele, subtitrarea sau sursa redabilă; sunt patru probleme diferite și nu trebuie raportate vag ca „nu merge”.

2026-08-28T17:24:10.724Z: FrostView TV declară tipurile channel și 1 intrări de catalog. Pagina de configurare este nelistată. Dacă nu există catalog declarat, rândul de pe homepage nu este testul potrivit. Când configurarea există, salvează o singură variantă și verific-o în același cont înainte să instalezi altele.

2026-08-28T17:24:10.725Z: Pentru un răspuns util despre FrostView TV, adaugă dispozitivul, versiunea clientului Stremio, versiunea addonului, un exemplu de titlu și resursa observată. Starea din director este ONLINE, iar limbile declarate sunt multi; niciuna nu garantează rezultate pentru orice element. Nu publica tokenuri, chei debrid, parole sau URL-uri personalizate."
"26","Reconfigurarea SubSense fără intrări duplicate în contul Stremio","reconfigurarea-subsense-fara-intrari-duplicate-in-contul-stremio","https://addons-stremio.com/forum/ro/thread/26-reconfigurarea-subsense-fara-intrari-duplicate-in-contul-stremio","ro","question","true","Notă editorială: acest ghid este publicat de echipa addons-stremio.com, nu de un utilizator independent și nici de dezvoltatorul addonului.

Reconfigurarea SubSense fără intrări duplicate în contul Stremio

O reconfigurare poate genera alt URL de manifest. Testează intrarea nouă înainte să o elimini pe cea veche și păstrează o singură variantă validă.

Date verificate în director
- Versiune: 2.3.4
- Stare în director: ONLINE
- Tipuri media declarate: movie, series, subtitles
- Categorii: movies, tv-shows, subtitles
- Limbi declarate: multi
- Resurse din manifest: subtitles
- Intrări de catalog: 0
- Pagină de configurare: disponibilă

Procedură practică
1. Verifică zona Stremio corespunzătoare resursei declarate; nu toate addonurile creează un catalog pe homepage.
2. Deschide pagina addonului și compară versiunea și resursele curente cu datele de mai jos.

Pentru SubSense, manifestul expune acum subtitles, iar configurarea este disponibilă. Aceste două date stabilesc calea corectă de instalare și locul unde ar trebui să apară rezultatul. Ele nu garantează conținut pentru orice titlu, regiune sau furnizor.

Pagina folosește manifestul stocat și monitorizarea directorului. Nu inventează suport, viteză, disponibilitate sau acces legal, iar datele se pot schimba după actualizarea manifestului.","Subtitles","https://addons-stremio.com/forum/ro/category/subtitrari","SubSense","https://addons-stremio.com/addon/subsense","3","2026-08-28T17:24:10.690Z","2026-08-28T17:30:43.360Z","2026-08-28T17:24:10.688Z","","2026-08-28T17:24:10.699Z: Pornește de la o bază reproductibilă pentru SubSense: notează versiunea 2.3.4 și resursele subtitles, fără să ștergi încă setări. Repornește Stremio și testează un titlu potrivit. Precizează dacă lipsește catalogul, metadatele, subtitrarea sau sursa redabilă; sunt patru probleme diferite și nu trebuie raportate vag ca „nu merge”.

2026-08-28T17:24:10.701Z: SubSense declară tipurile movie, series, subtitles și 0 intrări de catalog. Pagina de configurare este disponibilă. Dacă nu există catalog declarat, rândul de pe homepage nu este testul potrivit. Când configurarea există, salvează o singură variantă și verific-o în același cont înainte să instalezi altele.

2026-08-28T17:24:10.703Z: Pentru un răspuns util despre SubSense, adaugă dispozitivul, versiunea clientului Stremio, versiunea addonului, un exemplu de titlu și resursa observată. Starea din director este ONLINE, iar limbile declarate sunt multi; niciuna nu garantează rezultate pentru orice element. Nu publica tokenuri, chei debrid, parole sau URL-uri personalizate."
"25","Cum citești manifestul OpenSubtitles v3 înainte să modifici setările","cum-citesti-manifestul-opensubtitles-v3-inainte-sa-modifici-setarile","https://addons-stremio.com/forum/ro/thread/25-cum-citesti-manifestul-opensubtitles-v3-inainte-sa-modifici-setarile","ro","question","true","Notă editorială: acest ghid este publicat de echipa addons-stremio.com, nu de un utilizator independent și nici de dezvoltatorul addonului.

Cum citești manifestul OpenSubtitles v3 înainte să modifici setările

Citirea resurselor declarate previne așteptarea unui flux video de la un addon care oferă doar catalog, metadate ori subtitrări.

Date verificate în director
- Versiune: 1.0.0
- Stare în director: ONLINE
- Tipuri media declarate: movie, series
- Categorii: movies, tv-shows, subtitles
- Limbi declarate: multi
- Resurse din manifest: subtitles
- Intrări de catalog: 0
- Pagină de configurare: nelistată

Procedură practică
1. Instalează din contul Stremio folosit pe dispozitivul țintă, apoi repornește sau reîmprospătează clientul.
2. Testează un film sau serial cunoscut, notează rezultatul și schimbă o singură setare înainte de următorul test.

Pentru OpenSubtitles v3, manifestul expune acum subtitles, iar configurarea este nelistată. Aceste două date stabilesc calea corectă de instalare și locul unde ar trebui să apară rezultatul. Ele nu garantează conținut pentru orice titlu, regiune sau furnizor.

Pagina folosește manifestul stocat și monitorizarea directorului. Nu inventează suport, viteză, disponibilitate sau acces legal, iar datele se pot schimba după actualizarea manifestului.","Subtitles","https://addons-stremio.com/forum/ro/category/subtitrari","OpenSubtitles v3","https://addons-stremio.com/addon/opensubtitles-v3","3","2026-08-28T17:24:10.672Z","2026-08-28T17:24:10.681Z","2026-08-28T17:24:10.671Z","de:https://addons-stremio.com/forum/de/thread/105-das-manifest-von-opensubtitles-v3-verstehen-bevor-einstellungen-geandert-werden|en:https://addons-stremio.com/forum/en/thread/5-understanding-the-opensubtitles-v3-manifest-before-changing-any-settings|es:https://addons-stremio.com/forum/es/thread/45-como-interpretar-el-manifiesto-de-opensubtitles-v3-antes-de-cambiar-ajustes|fr:https://addons-stremio.com/forum/fr/thread/85-comprendre-le-manifeste-de-opensubtitles-v3-avant-de-modifier-les-reglages|pt-br:https://addons-stremio.com/forum/pt-br/thread/65-como-entender-o-manifesto-do-opensubtitles-v3-antes-de-alterar-configuracoes|ro:https://addons-stremio.com/forum/ro/thread/25-cum-citesti-manifestul-opensubtitles-v3-inainte-sa-modifici-setarile","2026-08-28T17:24:10.676Z: Pornește de la o bază reproductibilă pentru OpenSubtitles v3: notează versiunea 1.0.0 și resursele subtitles, fără să ștergi încă setări. Repornește Stremio și testează un titlu potrivit. Precizează dacă lipsește catalogul, metadatele, subtitrarea sau sursa redabilă; sunt patru probleme diferite și nu trebuie raportate vag ca „nu merge”.

2026-08-28T17:24:10.678Z: OpenSubtitles v3 declară tipurile movie, series și 0 intrări de catalog. Pagina de configurare este nelistată. Dacă nu există catalog declarat, rândul de pe homepage nu este testul potrivit. Când configurarea există, salvează o singură variantă și verific-o în același cont înainte să instalezi altele.

2026-08-28T17:24:10.680Z: Pentru un răspuns util despre OpenSubtitles v3, adaugă dispozitivul, versiunea clientului Stremio, versiunea addonului, un exemplu de titlu și resursa observată. Starea din director este ONLINE, iar limbile declarate sunt multi; niciuna nu garantează rezultate pentru orice element. Nu publica tokenuri, chei debrid, parole sau URL-uri personalizate."
"24","Comet | ElfHosted este instalat, dar nu apare un catalog nou: diagnostic pas cu pas","comet-elfhosted-este-instalat-dar-nu-apare-un-catalog-nou-diagnostic-pas-cu-pas","https://addons-stremio.com/forum/ro/thread/24-comet-elfhosted-este-instalat-dar-nu-apare-un-catalog-nou-diagnostic-pas-cu-pas","ro","question","true","Notă editorială: acest ghid este publicat de echipa addons-stremio.com, nu de un utilizator independent și nici de dezvoltatorul addonului.

Comet | ElfHosted este instalat, dar nu apare un catalog nou: diagnostic pas cu pas

Lipsa unui catalog nu înseamnă automat instalare eșuată: addonurile de stream, metadate sau subtitrări pot funcționa fără un rând nou pe ecranul principal.

Date verificate în director
- Versiune: 2.0.0
- Stare în director: ONLINE
- Tipuri media declarate: movie, series, anime, other
- Categorii: movies, tv-shows, anime, debrid, torrents
- Limbi declarate: multi
- Resurse din manifest: stream
- Intrări de catalog: 0
- Pagină de configurare: disponibilă

Procedură practică
1. Folosește configurarea numai dacă este listată și finalizează opțiunile înainte de instalarea manifestului rezultat.
2. Verifică zona Stremio corespunzătoare resursei declarate; nu toate addonurile creează un catalog pe homepage.

Pentru Comet | ElfHosted, manifestul expune acum stream, iar configurarea este disponibilă. Aceste două date stabilesc calea corectă de instalare și locul unde ar trebui să apară rezultatul. Ele nu garantează conținut pentru orice titlu, regiune sau furnizor.

Pagina folosește manifestul stocat și monitorizarea directorului. Nu inventează suport, viteză, disponibilitate sau acces legal, iar datele se pot schimba după actualizarea manifestului.","Anime","https://addons-stremio.com/forum/ro/category/anime","Comet | ElfHosted","https://addons-stremio.com/addon/comet","3","2026-08-28T17:24:10.660Z","2026-08-28T17:24:10.667Z","2026-08-28T17:24:10.659Z","de:https://addons-stremio.com/forum/de/thread/104-comet-elfhosted-ist-installiert-aber-kein-neuer-katalog-erscheint-systematische-diagnose|en:https://addons-stremio.com/forum/en/thread/4-comet-elfhosted-is-installed-but-no-new-catalog-appears-a-structured-diagnosis|es:https://addons-stremio.com/forum/es/thread/44-comet-elfhosted-esta-instalado-pero-no-aparece-un-catalogo-nuevo-diagnostico-ordenado|fr:https://addons-stremio.com/forum/fr/thread/84-comet-elfhosted-est-installe-mais-aucun-nouveau-catalogue-n-apparait-diagnostic-methodique|pt-br:https://addons-stremio.com/forum/pt-br/thread/64-comet-elfhosted-esta-instalado-mas-nenhum-catalogo-novo-aparece-diagnostico-pratico|ro:https://addons-stremio.com/forum/ro/thread/24-comet-elfhosted-este-instalat-dar-nu-apare-un-catalog-nou-diagnostic-pas-cu-pas","2026-08-28T17:24:10.663Z: Pornește de la o bază reproductibilă pentru Comet | ElfHosted: notează versiunea 2.0.0 și resursele stream, fără să ștergi încă setări. Repornește Stremio și testează un titlu potrivit. Precizează dacă lipsește catalogul, metadatele, subtitrarea sau sursa redabilă; sunt patru probleme diferite și nu trebuie raportate vag ca „nu merge”.

2026-08-28T17:24:10.664Z: Comet | ElfHosted declară tipurile movie, series, anime, other și 0 intrări de catalog. Pagina de configurare este disponibilă. Dacă nu există catalog declarat, rândul de pe homepage nu este testul potrivit. Când configurarea există, salvează o singură variantă și verific-o în același cont înainte să instalezi altele.

2026-08-28T17:24:10.666Z: Pentru un răspuns util despre Comet | ElfHosted, adaugă dispozitivul, versiunea clientului Stremio, versiunea addonului, un exemplu de titlu și resursa observată. Starea din director este ONLINE, iar limbile declarate sunt multi; niciuna nu garantează rezultate pentru orice element. Nu publica tokenuri, chei debrid, parole sau URL-uri personalizate."
"23","Cum instalezi Torrentio și verifici exact ce adaugă în Stremio","cum-instalezi-torrentio-si-verifici-exact-ce-adauga-in-stremio","https://addons-stremio.com/forum/ro/thread/23-cum-instalezi-torrentio-si-verifici-exact-ce-adauga-in-stremio","ro","discussion","true","Notă editorială: acest ghid este publicat de echipa addons-stremio.com, nu de un utilizator independent și nici de dezvoltatorul addonului.

Cum instalezi Torrentio și verifici exact ce adaugă în Stremio

Instalarea corectă înseamnă și să confirmi ce resurse din manifest au ajuns în cont, nu doar să apeși butonul de instalare.

Date verificate în director
- Versiune: 0.0.15
- Stare în director: ONLINE
- Tipuri media declarate: movie, series, anime, other
- Categorii: movies, tv-shows, anime, debrid, torrents
- Limbi declarate: multi
- Resurse din manifest: stream
- Intrări de catalog: 0
- Pagină de configurare: disponibilă

Procedură practică
1. Deschide pagina addonului și compară versiunea și resursele curente cu datele de mai jos.
2. Instalează din contul Stremio folosit pe dispozitivul țintă, apoi repornește sau reîmprospătează clientul.

Pentru Torrentio, manifestul expune acum stream, iar configurarea este disponibilă. Aceste două date stabilesc calea corectă de instalare și locul unde ar trebui să apară rezultatul. Ele nu garantează conținut pentru orice titlu, regiune sau furnizor.

Pagina folosește manifestul stocat și monitorizarea directorului. Nu inventează suport, viteză, disponibilitate sau acces legal, iar datele se pot schimba după actualizarea manifestului.","Anime","https://addons-stremio.com/forum/ro/category/anime","Torrentio","https://addons-stremio.com/addon/torrentio","3","2026-08-28T17:24:10.649Z","2026-08-28T17:33:07.228Z","2026-08-28T17:24:10.648Z","de:https://addons-stremio.com/forum/de/thread/103-torrentio-installieren-und-genau-prufen-was-das-addon-zu-stremio-hinzufugt|en:https://addons-stremio.com/forum/en/thread/3-how-to-install-torrentio-and-verify-exactly-what-it-adds-to-stremio|es:https://addons-stremio.com/forum/es/thread/43-como-instalar-torrentio-y-comprobar-exactamente-que-anade-a-stremio|fr:https://addons-stremio.com/forum/fr/thread/83-installer-torrentio-et-verifier-precisement-ce-qu-il-ajoute-a-stremio|pt-br:https://addons-stremio.com/forum/pt-br/thread/63-como-instalar-torrentio-e-confirmar-exatamente-o-que-ele-adiciona-ao-stremio|ro:https://addons-stremio.com/forum/ro/thread/23-cum-instalezi-torrentio-si-verifici-exact-ce-adauga-in-stremio","2026-08-28T17:24:10.653Z: Pornește de la o bază reproductibilă pentru Torrentio: notează versiunea 0.0.15 și resursele stream, fără să ștergi încă setări. Repornește Stremio și testează un titlu potrivit. Precizează dacă lipsește catalogul, metadatele, subtitrarea sau sursa redabilă; sunt patru probleme diferite și nu trebuie raportate vag ca „nu merge”.

2026-08-28T17:24:10.654Z: Torrentio declară tipurile movie, series, anime, other și 0 intrări de catalog. Pagina de configurare este disponibilă. Dacă nu există catalog declarat, rândul de pe homepage nu este testul potrivit. Când configurarea există, salvează o singură variantă și verific-o în același cont înainte să instalezi altele.

2026-08-28T17:24:10.656Z: Pentru un răspuns util despre Torrentio, adaugă dispozitivul, versiunea clientului Stremio, versiunea addonului, un exemplu de titlu și resursa observată. Starea din director este ONLINE, iar limbile declarate sunt multi; niciuna nu garantează rezultate pentru orice element. Nu publica tokenuri, chei debrid, parole sau URL-uri personalizate."
"22","Privacy checks before entering credentials on the Orion configuration page","privacy-checks-before-entering-credentials-on-the-orion-configuration-page","https://addons-stremio.com/forum/en/thread/22-privacy-checks-before-entering-credentials-on-the-orion-configuration-page","en","question","true","Editorial note: this guide is published by the addons-stremio.com Community Team, not by an independent user or the addon developer.

Privacy checks before entering credentials on the Orion configuration page

A configuration page is external to the directory. Confirm its domain and requested data, and never enter credentials that the documented setup does not require.

Verified directory snapshot
- Version: 1.5.2
- Directory status: ONLINE
- Declared media types: movie, series
- Directory categories: movies, tv-shows, metadata, debrid, torrents, usenet
- Declared languages: multi
- Manifest resources: stream, catalog
- Catalog entries: 4
- Configuration page: available

Practical procedure
1. Test one known movie or series, record the result, and change only one setting before testing again.
2. Use the configuration link only when it is listed; complete required choices before installing the resulting manifest.

For Orion, the manifest currently exposes stream, catalog. Configuration is available. These two facts determine the correct installation path and the place where a result should be visible. They do not prove that every title, provider or region will return content.

This page uses the stored manifest and directory health data. It does not invent provider support, speed, availability or legal access, and the information can change when the developer updates the manifest.","Issues & Troubleshooting","https://addons-stremio.com/forum/en/category/probleme","Orion","https://addons-stremio.com/addon/orion","3","2026-08-28T17:24:10.628Z","2026-08-28T17:30:41.937Z","2026-08-28T17:24:10.627Z","","2026-08-28T17:24:10.636Z: Start with a reproducible baseline for Orion. Record version 1.5.2, remove no settings yet, and verify the declared resources: stream, catalog. Restart Stremio, open one known title that matches a declared media type, and note whether the missing part is the catalog entry, metadata, subtitles or playable source. This keeps four different failures from being described as one vague “not working” problem.

2026-08-28T17:24:10.637Z: Orion currently declares media types movie, series and 4 catalog entries. Its configuration page is available. If a catalog is not declared, do not use the home-screen row as the only success test. If configuration is available, save the generated setup once and avoid installing several variants until the first one has been checked on the same account.

2026-08-28T17:24:10.640Z: For a useful follow-up about Orion, include the device, Stremio client version, addon version, one content example and the exact observed resource. The directory status is ONLINE, while declared language coverage is multi; neither value guarantees a result for every item. Do not publish tokens, debrid keys, passwords or a personalized manifest URL in a forum reply."
"21","Recovering Ratings after a Stremio cache or synchronization problem","recovering-ratings-after-a-stremio-cache-or-synchronization-problem","https://addons-stremio.com/forum/en/thread/21-recovering-ratings-after-a-stremio-cache-or-synchronization-problem","en","question","true","Editorial note: this guide is published by the addons-stremio.com Community Team, not by an independent user or the addon developer.

Recovering Ratings after a Stremio cache or synchronization problem

Cache symptoms should be tested after account synchronization and a client restart, without repeatedly reinstalling the addon between every check.

Verified directory snapshot
- Version: 1.2.8
- Directory status: ONLINE
- Declared media types: movie, series
- Directory categories: movies, tv-shows
- Declared languages: multi
- Manifest resources: stream
- Catalog entries: 0
- Configuration page: available

Practical procedure
1. Check the part of Stremio that matches the declared resource instead of assuming that every addon creates a catalog row.
2. Open the addon detail page and compare its current version and resources with the snapshot below.

For Ratings, the manifest currently exposes stream. Configuration is available. These two facts determine the correct installation path and the place where a result should be visible. They do not prove that every title, provider or region will return content.

This page uses the stored manifest and directory health data. It does not invent provider support, speed, availability or legal access, and the information can change when the developer updates the manifest.","General","https://addons-stremio.com/forum/en/category/general","Ratings","https://addons-stremio.com/addon/ratings","3","2026-08-28T17:24:10.598Z","2026-08-28T17:30:42.361Z","2026-08-28T17:24:10.597Z","","2026-08-28T17:24:10.611Z: Start with a reproducible baseline for Ratings. Record version 1.2.8, remove no settings yet, and verify the declared resources: stream. Restart Stremio, open one known title that matches a declared media type, and note whether the missing part is the catalog entry, metadata, subtitles or playable source. This keeps four different failures from being described as one vague “not working” problem.

2026-08-28T17:24:10.612Z: Ratings currently declares media types movie, series and 0 catalog entries. Its configuration page is available. If a catalog is not declared, do not use the home-screen row as the only success test. If configuration is available, save the generated setup once and avoid installing several variants until the first one has been checked on the same account.

2026-08-28T17:24:10.617Z: For a useful follow-up about Ratings, include the device, Stremio client version, addon version, one content example and the exact observed resource. The directory status is ONLINE, while declared language coverage is multi; neither value guarantees a result for every item. Do not publish tokens, debrid keys, passwords or a personalized manifest URL in a forum reply."
"20","Does Peerflix provide movies, series, live TV or only supporting data?","does-peerflix-provide-movies-series-live-tv-or-only-supporting-data","https://addons-stremio.com/forum/en/thread/20-does-peerflix-provide-movies-series-live-tv-or-only-supporting-data","en","discussion","true","Editorial note: this guide is published by the addons-stremio.com Community Team, not by an independent user or the addon developer.

Does Peerflix provide movies, series, live TV or only supporting data?

Types and resources answer different questions: types describe supported media, while resources describe what the addon actually supplies for those media.

Verified directory snapshot
- Version: 2.7.4
- Directory status: ONLINE
- Declared media types: movie, series
- Directory categories: movies, tv-shows, debrid, torrents
- Declared languages: es
- Manifest resources: stream
- Catalog entries: 0
- Configuration page: available

Practical procedure
1. Install while signed into the Stremio account used on the target device, then restart or refresh that client.
2. Test one known movie or series, record the result, and change only one setting before testing again.

For Peerflix, the manifest currently exposes stream. Configuration is available. These two facts determine the correct installation path and the place where a result should be visible. They do not prove that every title, provider or region will return content.

This page uses the stored manifest and directory health data. It does not invent provider support, speed, availability or legal access, and the information can change when the developer updates the manifest.","Debrid","https://addons-stremio.com/forum/en/category/debrid","Peerflix","https://addons-stremio.com/addon/peerflix","3","2026-08-28T17:24:10.579Z","2026-08-28T17:24:10.579Z","2026-08-28T17:24:10.577Z","","2026-08-28T17:24:10.589Z: Start with a reproducible baseline for Peerflix. Record version 2.7.4, remove no settings yet, and verify the declared resources: stream. Restart Stremio, open one known title that matches a declared media type, and note whether the missing part is the catalog entry, metadata, subtitles or playable source. This keeps four different failures from being described as one vague “not working” problem.

2026-08-28T17:24:10.590Z: Peerflix currently declares media types movie, series and 0 catalog entries. Its configuration page is available. If a catalog is not declared, do not use the home-screen row as the only success test. If configuration is available, save the generated setup once and avoid installing several variants until the first one has been checked on the same account.

2026-08-28T17:24:10.591Z: For a useful follow-up about Peerflix, include the device, Stremio client version, addon version, one content example and the exact observed resource. The directory status is ONLINE, while declared language coverage is es; neither value guarantees a result for every item. Do not publish tokens, debrid keys, passwords or a personalized manifest URL in a forum reply."
"19","How to reduce duplicate rows after adding SubSource Subtitles","how-to-reduce-duplicate-rows-after-adding-subsource-subtitles","https://addons-stremio.com/forum/en/thread/19-how-to-reduce-duplicate-rows-after-adding-subsource-subtitles","en","question","true","Editorial note: this guide is published by the addons-stremio.com Community Team, not by an independent user or the addon developer.

How to reduce duplicate rows after adding SubSource Subtitles

Duplicate rows usually mean two installed manifest variants expose similar catalogs. Identify the URL or configuration that should remain before removing one.

Verified directory snapshot
- Version: 1.3.10
- Directory status: ONLINE
- Declared media types: movie, series, anime, subtitles
- Directory categories: movies, tv-shows, anime, subtitles
- Declared languages: multi
- Manifest resources: subtitles
- Catalog entries: 0
- Configuration page: available

Practical procedure
1. Use the configuration link only when it is listed; complete required choices before installing the resulting manifest.
2. Check the part of Stremio that matches the declared resource instead of assuming that every addon creates a catalog row.

For SubSource Subtitles, the manifest currently exposes subtitles. Configuration is available. These two facts determine the correct installation path and the place where a result should be visible. They do not prove that every title, provider or region will return content.

This page uses the stored manifest and directory health data. It does not invent provider support, speed, availability or legal access, and the information can change when the developer updates the manifest.","Subtitles","https://addons-stremio.com/forum/en/category/subtitrari","SubSource Subtitles","https://addons-stremio.com/addon/subsource-subtitles","3","2026-08-28T17:24:10.546Z","2026-08-28T17:24:10.567Z","2026-08-28T17:24:10.544Z","","2026-08-28T17:24:10.557Z: Start with a reproducible baseline for SubSource Subtitles. Record version 1.3.10, remove no settings yet, and verify the declared resources: subtitles. Restart Stremio, open one known title that matches a declared media type, and note whether the missing part is the catalog entry, metadata, subtitles or playable source. This keeps four different failures from being described as one vague “not working” problem.

2026-08-28T17:24:10.561Z: SubSource Subtitles currently declares media types movie, series, anime, subtitles and 0 catalog entries. Its configuration page is available. If a catalog is not declared, do not use the home-screen row as the only success test. If configuration is available, save the generated setup once and avoid installing several variants until the first one has been checked on the same account.

2026-08-28T17:24:10.563Z: For a useful follow-up about SubSource Subtitles, include the device, Stremio client version, addon version, one content example and the exact observed resource. The directory status is ONLINE, while declared language coverage is multi; neither value guarantees a result for every item. Do not publish tokens, debrid keys, passwords or a personalized manifest URL in a forum reply."
"18","Comparing WebStreamrMBG behavior on desktop and television devices","comparing-webstreamrmbg-behavior-on-desktop-and-television-devices","https://addons-stremio.com/forum/en/thread/18-comparing-webstreamrmbg-behavior-on-desktop-and-television-devices","en","discussion","true","Editorial note: this guide is published by the addons-stremio.com Community Team, not by an independent user or the addon developer.

Comparing WebStreamrMBG behavior on desktop and television devices

Desktop and TV clients can show cached data at different moments. Compare them only while signed into the same account and after a refresh.

Verified directory snapshot
- Version: 0.73.2
- Directory status: ONLINE
- Declared media types: movie, series
- Directory categories: movies, tv-shows, torrents
- Declared languages: es, fr, de, it, hi
- Manifest resources: stream
- Catalog entries: 0
- Configuration page: available

Practical procedure
1. Open the addon detail page and compare its current version and resources with the snapshot below.
2. Install while signed into the Stremio account used on the target device, then restart or refresh that client.

For WebStreamrMBG, the manifest currently exposes stream. Configuration is available. These two facts determine the correct installation path and the place where a result should be visible. They do not prove that every title, provider or region will return content.

This page uses the stored manifest and directory health data. It does not invent provider support, speed, availability or legal access, and the information can change when the developer updates the manifest.","General","https://addons-stremio.com/forum/en/category/general","WebStreamrMBG","https://addons-stremio.com/addon/webstreamrmbg","3","2026-08-28T17:24:10.528Z","2026-08-28T17:24:10.528Z","2026-08-28T17:24:10.527Z","","2026-08-28T17:24:10.534Z: Start with a reproducible baseline for WebStreamrMBG. Record version 0.73.2, remove no settings yet, and verify the declared resources: stream. Restart Stremio, open one known title that matches a declared media type, and note whether the missing part is the catalog entry, metadata, subtitles or playable source. This keeps four different failures from being described as one vague “not working” problem.

2026-08-28T17:24:10.536Z: WebStreamrMBG currently declares media types movie, series and 0 catalog entries. Its configuration page is available. If a catalog is not declared, do not use the home-screen row as the only success test. If configuration is available, save the generated setup once and avoid installing several variants until the first one has been checked on the same account.

2026-08-28T17:24:10.539Z: For a useful follow-up about WebStreamrMBG, include the device, Stremio client version, addon version, one content example and the exact observed resource. The directory status is ONLINE, while declared language coverage is es, fr, de, it, hi; neither value guarantees a result for every item. Do not publish tokens, debrid keys, passwords or a personalized manifest URL in a forum reply."
"17","What evidence to collect before reporting a problem with Meteor","what-evidence-to-collect-before-reporting-a-problem-with-meteor","https://addons-stremio.com/forum/en/thread/17-what-evidence-to-collect-before-reporting-a-problem-with-meteor","en","question","true","Editorial note: this guide is published by the addons-stremio.com Community Team, not by an independent user or the addon developer.

What evidence to collect before reporting a problem with Meteor

A useful report includes version, device, content identifier, expected resource and the exact step where the result changed or disappeared.

Verified directory snapshot
- Version: 5.0.0
- Directory status: ONLINE
- Declared media types: movie, series, anime
- Directory categories: movies, tv-shows, anime, torrents
- Declared languages: multi
- Manifest resources: stream
- Catalog entries: 0
- Configuration page: available

Practical procedure
1. Test one known movie or series, record the result, and change only one setting before testing again.
2. Use the configuration link only when it is listed; complete required choices before installing the resulting manifest.

For Meteor, the manifest currently exposes stream. Configuration is available. These two facts determine the correct installation path and the place where a result should be visible. They do not prove that every title, provider or region will return content.

This page uses the stored manifest and directory health data. It does not invent provider support, speed, availability or legal access, and the information can change when the developer updates the manifest.","Issues & Troubleshooting","https://addons-stremio.com/forum/en/category/probleme","Meteor","https://addons-stremio.com/addon/meteor-midnightignite","3","2026-08-28T17:24:10.508Z","2026-08-28T17:24:10.520Z","2026-08-28T17:24:10.507Z","","2026-08-28T17:24:10.513Z: Start with a reproducible baseline for Meteor. Record version 5.0.0, remove no settings yet, and verify the declared resources: stream. Restart Stremio, open one known title that matches a declared media type, and note whether the missing part is the catalog entry, metadata, subtitles or playable source. This keeps four different failures from being described as one vague “not working” problem.

2026-08-28T17:24:10.517Z: Meteor currently declares media types movie, series, anime and 0 catalog entries. Its configuration page is available. If a catalog is not declared, do not use the home-screen row as the only success test. If configuration is available, save the generated setup once and avoid installing several variants until the first one has been checked on the same account.

2026-08-28T17:24:10.519Z: For a useful follow-up about Meteor, include the device, Stremio client version, addon version, one content example and the exact observed resource. The directory status is ONLINE, while declared language coverage is multi; neither value guarantees a result for every item. Do not publish tokens, debrid keys, passwords or a personalized manifest URL in a forum reply."
"16","How to verify the FrostStream manifest without guessing whether it is down","how-to-verify-the-froststream-manifest-without-guessing-whether-it-is-down","https://addons-stremio.com/forum/en/thread/16-how-to-verify-the-froststream-manifest-without-guessing-whether-it-is-down","en","question","true","Editorial note: this guide is published by the addons-stremio.com Community Team, not by an independent user or the addon developer.

How to verify the FrostStream manifest without guessing whether it is down

A manifest request and a playable source are different checks. The directory health state only confirms the most recent monitored endpoint result.

Verified directory snapshot
- Version: 2.2.5
- Directory status: ONLINE
- Declared media types: movie, series
- Directory categories: movies, tv-shows, live-tv
- Declared languages: multi
- Manifest resources: meta, stream
- Catalog entries: 0
- Configuration page: available

Practical procedure
1. Check the part of Stremio that matches the declared resource instead of assuming that every addon creates a catalog row.
2. Open the addon detail page and compare its current version and resources with the snapshot below.

For FrostStream, the manifest currently exposes meta, stream. Configuration is available. These two facts determine the correct installation path and the place where a result should be visible. They do not prove that every title, provider or region will return content.

This page uses the stored manifest and directory health data. It does not invent provider support, speed, availability or legal access, and the information can change when the developer updates the manifest.","Live TV","https://addons-stremio.com/forum/en/category/live-tv","FrostStream","https://addons-stremio.com/addon/froststream","3","2026-08-28T17:24:10.489Z","2026-08-28T17:24:10.502Z","2026-08-28T17:24:10.488Z","","2026-08-28T17:24:10.494Z: Start with a reproducible baseline for FrostStream. Record version 2.2.5, remove no settings yet, and verify the declared resources: meta, stream. Restart Stremio, open one known title that matches a declared media type, and note whether the missing part is the catalog entry, metadata, subtitles or playable source. This keeps four different failures from being described as one vague “not working” problem.

2026-08-28T17:24:10.500Z: FrostStream currently declares media types movie, series and 0 catalog entries. Its configuration page is available. If a catalog is not declared, do not use the home-screen row as the only success test. If configuration is available, save the generated setup once and avoid installing several variants until the first one has been checked on the same account.

2026-08-28T17:24:10.501Z: For a useful follow-up about FrostStream, include the device, Stremio client version, addon version, one content example and the exact observed resource. The directory status is ONLINE, while declared language coverage is multi; neither value guarantees a result for every item. Do not publish tokens, debrid keys, passwords or a personalized manifest URL in a forum reply."
"15","Why Streailer | ElfHosted can work for one title but not for another","why-streailer-elfhosted-can-work-for-one-title-but-not-for-another","https://addons-stremio.com/forum/en/thread/15-why-streailer-elfhosted-can-work-for-one-title-but-not-for-another","en","question","true","Editorial note: this guide is published by the addons-stremio.com Community Team, not by an independent user or the addon developer.

Why Streailer | ElfHosted can work for one title but not for another

Per-title differences commonly involve identifiers and supported types. Testing two known items helps separate a general outage from a coverage gap.

Verified directory snapshot
- Version: 1.5.0
- Directory status: ONLINE
- Declared media types: movie, series
- Directory categories: movies, tv-shows
- Declared languages: multi
- Manifest resources: stream
- Catalog entries: 0
- Configuration page: available

Practical procedure
1. Install while signed into the Stremio account used on the target device, then restart or refresh that client.
2. Test one known movie or series, record the result, and change only one setting before testing again.

For Streailer | ElfHosted, the manifest currently exposes stream. Configuration is available. These two facts determine the correct installation path and the place where a result should be visible. They do not prove that every title, provider or region will return content.

This page uses the stored manifest and directory health data. It does not invent provider support, speed, availability or legal access, and the information can change when the developer updates the manifest.","Recommendations","https://addons-stremio.com/forum/en/category/recomandari","Streailer | ElfHosted","https://addons-stremio.com/addon/streailer-trailer-provider","3","2026-08-28T17:24:10.467Z","2026-08-28T17:24:10.479Z","2026-08-28T17:24:10.466Z","","2026-08-28T17:24:10.475Z: Start with a reproducible baseline for Streailer | ElfHosted. Record version 1.5.0, remove no settings yet, and verify the declared resources: stream. Restart Stremio, open one known title that matches a declared media type, and note whether the missing part is the catalog entry, metadata, subtitles or playable source. This keeps four different failures from being described as one vague “not working” problem.

2026-08-28T17:24:10.476Z: Streailer | ElfHosted currently declares media types movie, series and 0 catalog entries. Its configuration page is available. If a catalog is not declared, do not use the home-screen row as the only success test. If configuration is available, save the generated setup once and avoid installing several variants until the first one has been checked on the same account.

2026-08-28T17:24:10.477Z: For a useful follow-up about Streailer | ElfHosted, include the device, Stremio client version, addon version, one content example and the exact observed resource. The directory status is ONLINE, while declared language coverage is multi; neither value guarantees a result for every item. Do not publish tokens, debrid keys, passwords or a personalized manifest URL in a forum reply."
"14","Troubleshooting language and regional results in TvVoo | ElfHosted","troubleshooting-language-and-regional-results-in-tvvoo-elfhosted","https://addons-stremio.com/forum/en/thread/14-troubleshooting-language-and-regional-results-in-tvvoo-elfhosted","en","question","true","Editorial note: this guide is published by the addons-stremio.com Community Team, not by an independent user or the addon developer.

Troubleshooting language and regional results in TvVoo | ElfHosted

Language labels in a manifest describe declared coverage, not a guarantee that every item has the same audio, metadata or subtitle options.

Verified directory snapshot
- Version: 5.0.23
- Directory status: ONLINE
- Declared media types: tv
- Directory categories: movies, documentaries, sports, kids, live-tv, music, metadata, http-streams
- Declared languages: multi
- Manifest resources: catalog, meta, stream
- Catalog entries: 6
- Configuration page: available

Practical procedure
1. Use the configuration link only when it is listed; complete required choices before installing the resulting manifest.
2. Check the part of Stremio that matches the declared resource instead of assuming that every addon creates a catalog row.

For TvVoo | ElfHosted, the manifest currently exposes catalog, meta, stream. Configuration is available. These two facts determine the correct installation path and the place where a result should be visible. They do not prove that every title, provider or region will return content.

This page uses the stored manifest and directory health data. It does not invent provider support, speed, availability or legal access, and the information can change when the developer updates the manifest.","Issues & Troubleshooting","https://addons-stremio.com/forum/en/category/probleme","TvVoo | ElfHosted","https://addons-stremio.com/addon/tvvoo","3","2026-08-28T17:24:10.433Z","2026-08-28T17:24:10.454Z","2026-08-28T17:24:10.432Z","","2026-08-28T17:24:10.442Z: Start with a reproducible baseline for TvVoo | ElfHosted. Record version 5.0.23, remove no settings yet, and verify the declared resources: catalog, meta, stream. Restart Stremio, open one known title that matches a declared media type, and note whether the missing part is the catalog entry, metadata, subtitles or playable source. This keeps four different failures from being described as one vague “not working” problem.

2026-08-28T17:24:10.446Z: TvVoo | ElfHosted currently declares media types tv and 6 catalog entries. Its configuration page is available. If a catalog is not declared, do not use the home-screen row as the only success test. If configuration is available, save the generated setup once and avoid installing several variants until the first one has been checked on the same account.

2026-08-28T17:24:10.452Z: For a useful follow-up about TvVoo | ElfHosted, include the device, Stremio client version, addon version, one content example and the exact observed resource. The directory status is ONLINE, while declared language coverage is multi; neither value guarantees a result for every item. Do not publish tokens, debrid keys, passwords or a personalized manifest URL in a forum reply."
"13","Does StreamViX | ElfHosted 📺 require configuration before installation?","does-streamvix-elfhosted-require-configuration-before-installation","https://addons-stremio.com/forum/en/thread/13-does-streamvix-elfhosted-require-configuration-before-installation","en","discussion","true","Editorial note: this guide is published by the addons-stremio.com Community Team, not by an independent user or the addon developer.

Does StreamViX | ElfHosted 📺 require configuration before installation?

The existence of a configuration URL is a concrete signal. If none is listed, inventing account or provider settings will not make the addon more capable.

Verified directory snapshot
- Version: 12.4.23
- Directory status: ONLINE
- Declared media types: movie, series, tv, anime
- Directory categories: movies, tv-shows, anime, sports, live-tv, metadata
- Declared languages: multi
- Manifest resources: stream, catalog, meta
- Catalog entries: 6
- Configuration page: available

Practical procedure
1. Open the addon detail page and compare its current version and resources with the snapshot below.
2. Install while signed into the Stremio account used on the target device, then restart or refresh that client.

For StreamViX | ElfHosted 📺, the manifest currently exposes stream, catalog, meta. Configuration is available. These two facts determine the correct installation path and the place where a result should be visible. They do not prove that every title, provider or region will return content.

This page uses the stored manifest and directory health data. It does not invent provider support, speed, availability or legal access, and the information can change when the developer updates the manifest.","Live TV","https://addons-stremio.com/forum/en/category/live-tv","StreamViX | ElfHosted 📺","https://addons-stremio.com/addon/streamvix-elfhosted","3","2026-08-28T17:24:10.408Z","2026-08-28T17:24:10.408Z","2026-08-28T17:24:10.407Z","","2026-08-28T17:24:10.417Z: Start with a reproducible baseline for StreamViX | ElfHosted 📺. Record version 12.4.23, remove no settings yet, and verify the declared resources: stream, catalog, meta. Restart Stremio, open one known title that matches a declared media type, and note whether the missing part is the catalog entry, metadata, subtitles or playable source. This keeps four different failures from being described as one vague “not working” problem.

2026-08-28T17:24:10.422Z: StreamViX | ElfHosted 📺 currently declares media types movie, series, tv, anime and 6 catalog entries. Its configuration page is available. If a catalog is not declared, do not use the home-screen row as the only success test. If configuration is available, save the generated setup once and avoid installing several variants until the first one has been checked on the same account.

2026-08-28T17:24:10.425Z: For a useful follow-up about StreamViX | ElfHosted 📺, include the device, Stremio client version, addon version, one content example and the exact observed resource. The directory status is ONLINE, while declared language coverage is multi; neither value guarantees a result for every item. Do not publish tokens, debrid keys, passwords or a personalized manifest URL in a forum reply."
"12","How to remove and reinstall Brazuca Torrents cleanly when settings are stale","how-to-remove-and-reinstall-brazuca-torrents-cleanly-when-settings-are-stale","https://addons-stremio.com/forum/en/thread/12-how-to-remove-and-reinstall-brazuca-torrents-cleanly-when-settings-are-stale","en","question","true","Editorial note: this guide is published by the addons-stremio.com Community Team, not by an independent user or the addon developer.

How to remove and reinstall Brazuca Torrents cleanly when settings are stale

A clean reinstall is useful only after recording the current configuration. Otherwise a working token or preference can be lost during troubleshooting.

Verified directory snapshot
- Version: 0.1.1
- Directory status: ONLINE
- Declared media types: movie, series, anime, other
- Directory categories: movies, tv-shows, anime, torrents
- Declared languages: multi
- Manifest resources: stream
- Catalog entries: 0
- Configuration page: available

Practical procedure
1. Test one known movie or series, record the result, and change only one setting before testing again.
2. Use the configuration link only when it is listed; complete required choices before installing the resulting manifest.

For Brazuca Torrents, the manifest currently exposes stream. Configuration is available. These two facts determine the correct installation path and the place where a result should be visible. They do not prove that every title, provider or region will return content.

This page uses the stored manifest and directory health data. It does not invent provider support, speed, availability or legal access, and the information can change when the developer updates the manifest.","Anime","https://addons-stremio.com/forum/en/category/anime","Brazuca Torrents","https://addons-stremio.com/addon/brazuca-torrents","3","2026-08-28T17:24:10.385Z","2026-08-28T17:33:37.554Z","2026-08-28T17:24:10.384Z","","2026-08-28T17:24:10.392Z: Start with a reproducible baseline for Brazuca Torrents. Record version 0.1.1, remove no settings yet, and verify the declared resources: stream. Restart Stremio, open one known title that matches a declared media type, and note whether the missing part is the catalog entry, metadata, subtitles or playable source. This keeps four different failures from being described as one vague “not working” problem.

2026-08-28T17:24:10.396Z: Brazuca Torrents currently declares media types movie, series, anime, other and 0 catalog entries. Its configuration page is available. If a catalog is not declared, do not use the home-screen row as the only success test. If configuration is available, save the generated setup once and avoid installing several variants until the first one has been checked on the same account.

2026-08-28T17:24:10.400Z: For a useful follow-up about Brazuca Torrents, include the device, Stremio client version, addon version, one content example and the exact observed resource. The directory status is ONLINE, while declared language coverage is multi; neither value guarantees a result for every item. Do not publish tokens, debrid keys, passwords or a personalized manifest URL in a forum reply."
"11","Catalog, metadata, stream or subtitles: what role does TorrentsDB have?","catalog-metadata-stream-or-subtitles-what-role-does-torrentsdb-have","https://addons-stremio.com/forum/en/thread/11-catalog-metadata-stream-or-subtitles-what-role-does-torrentsdb-have","en","discussion","true","Editorial note: this guide is published by the addons-stremio.com Community Team, not by an independent user or the addon developer.

Catalog, metadata, stream or subtitles: what role does TorrentsDB have?

Stremio manifests describe separate jobs. Identifying the job declared by this addon explains where its output should appear in the interface.

Verified directory snapshot
- Version: 1.0.0
- Directory status: ONLINE
- Declared media types: movie, series, anime, other
- Directory categories: movies, tv-shows, anime, debrid, torrents
- Declared languages: multi
- Manifest resources: stream
- Catalog entries: 0
- Configuration page: available

Practical procedure
1. Check the part of Stremio that matches the declared resource instead of assuming that every addon creates a catalog row.
2. Open the addon detail page and compare its current version and resources with the snapshot below.

For TorrentsDB, the manifest currently exposes stream. Configuration is available. These two facts determine the correct installation path and the place where a result should be visible. They do not prove that every title, provider or region will return content.

This page uses the stored manifest and directory health data. It does not invent provider support, speed, availability or legal access, and the information can change when the developer updates the manifest.","Anime","https://addons-stremio.com/forum/en/category/anime","TorrentsDB","https://addons-stremio.com/addon/torrentsdb","3","2026-08-28T17:24:10.359Z","2026-08-28T17:24:10.359Z","2026-08-28T17:24:10.358Z","","2026-08-28T17:24:10.370Z: Start with a reproducible baseline for TorrentsDB. Record version 1.0.0, remove no settings yet, and verify the declared resources: stream. Restart Stremio, open one known title that matches a declared media type, and note whether the missing part is the catalog entry, metadata, subtitles or playable source. This keeps four different failures from being described as one vague “not working” problem.

2026-08-28T17:24:10.374Z: TorrentsDB currently declares media types movie, series, anime, other and 0 catalog entries. Its configuration page is available. If a catalog is not declared, do not use the home-screen row as the only success test. If configuration is available, save the generated setup once and avoid installing several variants until the first one has been checked on the same account.

2026-08-28T17:24:10.381Z: For a useful follow-up about TorrentsDB, include the device, Stremio client version, addon version, one content example and the exact observed resource. The directory status is ONLINE, while declared language coverage is multi; neither value guarantees a result for every item. Do not publish tokens, debrid keys, passwords or a personalized manifest URL in a forum reply."
"10","How to investigate empty search results returned by The Movie Database Addon","how-to-investigate-empty-search-results-returned-by-the-movie-database-addon","https://addons-stremio.com/forum/en/thread/10-how-to-investigate-empty-search-results-returned-by-the-movie-database-addon","en","question","true","Editorial note: this guide is published by the addons-stremio.com Community Team, not by an independent user or the addon developer.

How to investigate empty search results returned by The Movie Database Addon

Empty search results may come from a missing search extra, an unsupported content type or the addon itself returning no match for that query.

Verified directory snapshot
- Version: 3.1.7
- Directory status: ONLINE
- Declared media types: movie, series
- Directory categories: movies, tv-shows, documentaries, kids, music, metadata, tools
- Declared languages: ro, tr, es, pt, fr, de, it, ru
- Manifest resources: catalog, meta
- Catalog entries: 12
- Configuration page: available

Practical procedure
1. Install while signed into the Stremio account used on the target device, then restart or refresh that client.
2. Test one known movie or series, record the result, and change only one setting before testing again.

For The Movie Database Addon, the manifest currently exposes catalog, meta. Configuration is available. These two facts determine the correct installation path and the place where a result should be visible. They do not prove that every title, provider or region will return content.

This page uses the stored manifest and directory health data. It does not invent provider support, speed, availability or legal access, and the information can change when the developer updates the manifest.","Issues & Troubleshooting","https://addons-stremio.com/forum/en/category/probleme","The Movie Database Addon","https://addons-stremio.com/addon/the-movie-database-addon","3","2026-08-28T17:24:10.337Z","2026-08-28T17:34:03.164Z","2026-08-28T17:24:10.336Z","","2026-08-28T17:24:10.341Z: Start with a reproducible baseline for The Movie Database Addon. Record version 3.1.7, remove no settings yet, and verify the declared resources: catalog, meta. Restart Stremio, open one known title that matches a declared media type, and note whether the missing part is the catalog entry, metadata, subtitles or playable source. This keeps four different failures from being described as one vague “not working” problem.

2026-08-28T17:24:10.342Z: The Movie Database Addon currently declares media types movie, series and 12 catalog entries. Its configuration page is available. If a catalog is not declared, do not use the home-screen row as the only success test. If configuration is available, save the generated setup once and avoid installing several variants until the first one has been checked on the same account.

2026-08-28T17:24:10.347Z: For a useful follow-up about The Movie Database Addon, include the device, Stremio client version, addon version, one content example and the exact observed resource. The directory status is ONLINE, while declared language coverage is ro, tr, es, pt, fr, de, it, ru; neither value guarantees a result for every item. Do not publish tokens, debrid keys, passwords or a personalized manifest URL in a forum reply."
"9","Using TOP Streaming on Android TV through Stremio account synchronization","using-top-streaming-on-android-tv-through-stremio-account-synchronization","https://addons-stremio.com/forum/en/thread/9-using-top-streaming-on-android-tv-through-stremio-account-synchronization","en","question","true","Editorial note: this guide is published by the addons-stremio.com Community Team, not by an independent user or the addon developer.

Using TOP Streaming on Android TV through Stremio account synchronization

Television devices normally receive installed addons through the same Stremio account. The first check is account identity, followed by a manual library refresh.

Verified directory snapshot
- Version: 4.2.1
- Directory status: ONLINE
- Declared media types: movie, series
- Directory categories: movies, tv-shows, metadata
- Declared languages: multi
- Manifest resources: catalog, meta
- Catalog entries: 2
- Configuration page: available

Practical procedure
1. Use the configuration link only when it is listed; complete required choices before installing the resulting manifest.
2. Check the part of Stremio that matches the declared resource instead of assuming that every addon creates a catalog row.

For TOP Streaming, the manifest currently exposes catalog, meta. Configuration is available. These two facts determine the correct installation path and the place where a result should be visible. They do not prove that every title, provider or region will return content.

This page uses the stored manifest and directory health data. It does not invent provider support, speed, availability or legal access, and the information can change when the developer updates the manifest.","General","https://addons-stremio.com/forum/en/category/general","TOP Streaming","https://addons-stremio.com/addon/top-streaming","3","2026-08-28T17:24:10.299Z","2026-08-28T17:24:10.322Z","2026-08-28T17:24:10.298Z","","2026-08-28T17:24:10.311Z: Start with a reproducible baseline for TOP Streaming. Record version 4.2.1, remove no settings yet, and verify the declared resources: catalog, meta. Restart Stremio, open one known title that matches a declared media type, and note whether the missing part is the catalog entry, metadata, subtitles or playable source. This keeps four different failures from being described as one vague “not working” problem.

2026-08-28T17:24:10.316Z: TOP Streaming currently declares media types movie, series and 2 catalog entries. Its configuration page is available. If a catalog is not declared, do not use the home-screen row as the only success test. If configuration is available, save the generated setup once and avoid installing several variants until the first one has been checked on the same account.

2026-08-28T17:24:10.320Z: For a useful follow-up about TOP Streaming, include the device, Stremio client version, addon version, one content example and the exact observed resource. The directory status is ONLINE, while declared language coverage is multi; neither value guarantees a result for every item. Do not publish tokens, debrid keys, passwords or a personalized manifest URL in a forum reply."
"8","A safe checklist after ThePirateBay+ changes version","a-safe-checklist-after-thepiratebay-changes-version","https://addons-stremio.com/forum/en/thread/8-a-safe-checklist-after-thepiratebay-changes-version","en","discussion","true","Editorial note: this guide is published by the addons-stremio.com Community Team, not by an independent user or the addon developer.

A safe checklist after ThePirateBay+ changes version

A version change can alter catalogs, identifiers or configuration. Testing one known item before changing several settings gives a clean comparison.

Verified directory snapshot
- Version: 1.4.0
- Directory status: ONLINE
- Declared media types: movie, series
- Directory categories: movies, tv-shows, anime
- Declared languages: multi
- Manifest resources: stream
- Catalog entries: 0
- Configuration page: not listed

Practical procedure
1. Open the addon detail page and compare its current version and resources with the snapshot below.
2. Install while signed into the Stremio account used on the target device, then restart or refresh that client.

For ThePirateBay+, the manifest currently exposes stream. Configuration is not listed. These two facts determine the correct installation path and the place where a result should be visible. They do not prove that every title, provider or region will return content.

This page uses the stored manifest and directory health data. It does not invent provider support, speed, availability or legal access, and the information can change when the developer updates the manifest.","Anime","https://addons-stremio.com/forum/en/category/anime","ThePirateBay+","https://addons-stremio.com/addon/thepiratebay","3","2026-08-28T17:24:10.274Z","2026-08-28T17:24:10.274Z","2026-08-28T17:24:10.272Z","","2026-08-28T17:24:10.285Z: Start with a reproducible baseline for ThePirateBay+. Record version 1.4.0, remove no settings yet, and verify the declared resources: stream. Restart Stremio, open one known title that matches a declared media type, and note whether the missing part is the catalog entry, metadata, subtitles or playable source. This keeps four different failures from being described as one vague “not working” problem.

2026-08-28T17:24:10.288Z: ThePirateBay+ currently declares media types movie, series and 0 catalog entries. Its configuration page is not listed. If a catalog is not declared, do not use the home-screen row as the only success test. If configuration is available, save the generated setup once and avoid installing several variants until the first one has been checked on the same account.

2026-08-28T17:24:10.289Z: For a useful follow-up about ThePirateBay+, include the device, Stremio client version, addon version, one content example and the exact observed resource. The directory status is ONLINE, while declared language coverage is multi; neither value guarantees a result for every item. Do not publish tokens, debrid keys, passwords or a personalized manifest URL in a forum reply."
"7","Why Streaming Catalogs may show metadata without providing a playable source","why-streaming-catalogs-may-show-metadata-without-providing-a-playable-source","https://addons-stremio.com/forum/en/thread/7-why-streaming-catalogs-may-show-metadata-without-providing-a-playable-source","en","question","true","Editorial note: this guide is published by the addons-stremio.com Community Team, not by an independent user or the addon developer.

Why Streaming Catalogs may show metadata without providing a playable source

Metadata and playback are separate Stremio resources. This check isolates which layer is supplied by the addon and which layer must come from elsewhere.

Verified directory snapshot
- Version: 1.1.1
- Directory status: ONLINE
- Declared media types: movie, series
- Directory categories: movies, tv-shows, metadata
- Declared languages: multi
- Manifest resources: catalog
- Catalog entries: 10
- Configuration page: available

Practical procedure
1. Test one known movie or series, record the result, and change only one setting before testing again.
2. Use the configuration link only when it is listed; complete required choices before installing the resulting manifest.

For Streaming Catalogs, the manifest currently exposes catalog. Configuration is available. These two facts determine the correct installation path and the place where a result should be visible. They do not prove that every title, provider or region will return content.

This page uses the stored manifest and directory health data. It does not invent provider support, speed, availability or legal access, and the information can change when the developer updates the manifest.","Issues & Troubleshooting","https://addons-stremio.com/forum/en/category/probleme","Streaming Catalogs","https://addons-stremio.com/addon/streaming-catalogs","3","2026-08-28T17:24:10.244Z","2026-08-28T17:24:10.261Z","2026-08-28T17:24:10.243Z","","2026-08-28T17:24:10.251Z: Start with a reproducible baseline for Streaming Catalogs. Record version 1.1.1, remove no settings yet, and verify the declared resources: catalog. Restart Stremio, open one known title that matches a declared media type, and note whether the missing part is the catalog entry, metadata, subtitles or playable source. This keeps four different failures from being described as one vague “not working” problem.

2026-08-28T17:24:10.256Z: Streaming Catalogs currently declares media types movie, series and 10 catalog entries. Its configuration page is available. If a catalog is not declared, do not use the home-screen row as the only success test. If configuration is available, save the generated setup once and avoid installing several variants until the first one has been checked on the same account.

2026-08-28T17:24:10.258Z: For a useful follow-up about Streaming Catalogs, include the device, Stremio client version, addon version, one content example and the exact observed resource. The directory status is ONLINE, while declared language coverage is multi; neither value guarantees a result for every item. Do not publish tokens, debrid keys, passwords or a personalized manifest URL in a forum reply."
"6","How to reconfigure Romania IPTV without leaving duplicate addon entries","how-to-reconfigure-romania-iptv-without-leaving-duplicate-addon-entries","https://addons-stremio.com/forum/en/thread/6-how-to-reconfigure-romania-iptv-without-leaving-duplicate-addon-entries","en","question","true","Editorial note: this guide is published by the addons-stremio.com Community Team, not by an independent user or the addon developer.

How to reconfigure Romania IPTV without leaving duplicate addon entries

Reconfiguration often creates a second manifest URL. The useful goal is to keep the newly configured entry and remove the obsolete one after testing.

Verified directory snapshot
- Version: 3.1.2
- Directory status: ONLINE
- Declared media types: movie, series, tv
- Directory categories: movies, tv-shows, kids, live-tv, radio, subtitles, metadata, torrents
- Declared languages: multi
- Manifest resources: catalog, meta, stream, subtitles
- Catalog entries: 3
- Configuration page: available

Practical procedure
1. Check the part of Stremio that matches the declared resource instead of assuming that every addon creates a catalog row.
2. Open the addon detail page and compare its current version and resources with the snapshot below.

For Romania IPTV, the manifest currently exposes catalog, meta, stream, subtitles. Configuration is available. These two facts determine the correct installation path and the place where a result should be visible. They do not prove that every title, provider or region will return content.

This page uses the stored manifest and directory health data. It does not invent provider support, speed, availability or legal access, and the information can change when the developer updates the manifest.","Subtitles","https://addons-stremio.com/forum/en/category/subtitrari","Romania IPTV","https://addons-stremio.com/addon/romania-iptv-addon","3","2026-08-28T17:24:10.218Z","2026-08-28T17:38:41.274Z","2026-08-28T17:24:10.216Z","","2026-08-28T17:24:10.226Z: Start with a reproducible baseline for Romania IPTV. Record version 3.1.2, remove no settings yet, and verify the declared resources: catalog, meta, stream, subtitles. Restart Stremio, open one known title that matches a declared media type, and note whether the missing part is the catalog entry, metadata, subtitles or playable source. This keeps four different failures from being described as one vague “not working” problem.

2026-08-28T17:24:10.229Z: Romania IPTV currently declares media types movie, series, tv and 3 catalog entries. Its configuration page is available. If a catalog is not declared, do not use the home-screen row as the only success test. If configuration is available, save the generated setup once and avoid installing several variants until the first one has been checked on the same account.

2026-08-28T17:24:10.231Z: For a useful follow-up about Romania IPTV, include the device, Stremio client version, addon version, one content example and the exact observed resource. The directory status is ONLINE, while declared language coverage is multi; neither value guarantees a result for every item. Do not publish tokens, debrid keys, passwords or a personalized manifest URL in a forum reply."
"5","Understanding the OpenSubtitles v3 manifest before changing any settings","understanding-the-opensubtitles-v3-manifest-before-changing-any-settings","https://addons-stremio.com/forum/en/thread/5-understanding-the-opensubtitles-v3-manifest-before-changing-any-settings","en","question","true","Editorial note: this guide is published by the addons-stremio.com Community Team, not by an independent user or the addon developer.

Understanding the OpenSubtitles v3 manifest before changing any settings

Reading the declared resources first prevents expecting playback from an addon that only supplies catalogs, metadata or subtitles.

Verified directory snapshot
- Version: 1.0.0
- Directory status: ONLINE
- Declared media types: movie, series
- Directory categories: movies, tv-shows, subtitles
- Declared languages: multi
- Manifest resources: subtitles
- Catalog entries: 0
- Configuration page: not listed

Practical procedure
1. Install while signed into the Stremio account used on the target device, then restart or refresh that client.
2. Test one known movie or series, record the result, and change only one setting before testing again.

For OpenSubtitles v3, the manifest currently exposes subtitles. Configuration is not listed. These two facts determine the correct installation path and the place where a result should be visible. They do not prove that every title, provider or region will return content.

This page uses the stored manifest and directory health data. It does not invent provider support, speed, availability or legal access, and the information can change when the developer updates the manifest.","Subtitles","https://addons-stremio.com/forum/en/category/subtitrari","OpenSubtitles v3","https://addons-stremio.com/addon/opensubtitles-v3","3","2026-08-28T17:24:10.179Z","2026-08-28T17:24:10.187Z","2026-08-28T17:24:10.177Z","de:https://addons-stremio.com/forum/de/thread/105-das-manifest-von-opensubtitles-v3-verstehen-bevor-einstellungen-geandert-werden|en:https://addons-stremio.com/forum/en/thread/5-understanding-the-opensubtitles-v3-manifest-before-changing-any-settings|es:https://addons-stremio.com/forum/es/thread/45-como-interpretar-el-manifiesto-de-opensubtitles-v3-antes-de-cambiar-ajustes|fr:https://addons-stremio.com/forum/fr/thread/85-comprendre-le-manifeste-de-opensubtitles-v3-avant-de-modifier-les-reglages|pt-br:https://addons-stremio.com/forum/pt-br/thread/65-como-entender-o-manifesto-do-opensubtitles-v3-antes-de-alterar-configuracoes|ro:https://addons-stremio.com/forum/ro/thread/25-cum-citesti-manifestul-opensubtitles-v3-inainte-sa-modifici-setarile","2026-08-28T17:24:10.183Z: Start with a reproducible baseline for OpenSubtitles v3. Record version 1.0.0, remove no settings yet, and verify the declared resources: subtitles. Restart Stremio, open one known title that matches a declared media type, and note whether the missing part is the catalog entry, metadata, subtitles or playable source. This keeps four different failures from being described as one vague “not working” problem.

2026-08-28T17:24:10.185Z: OpenSubtitles v3 currently declares media types movie, series and 0 catalog entries. Its configuration page is not listed. If a catalog is not declared, do not use the home-screen row as the only success test. If configuration is available, save the generated setup once and avoid installing several variants until the first one has been checked on the same account.

2026-08-28T17:24:10.186Z: For a useful follow-up about OpenSubtitles v3, include the device, Stremio client version, addon version, one content example and the exact observed resource. The directory status is ONLINE, while declared language coverage is multi; neither value guarantees a result for every item. Do not publish tokens, debrid keys, passwords or a personalized manifest URL in a forum reply."
"4","Comet | ElfHosted is installed but no new catalog appears: a structured diagnosis","comet-elfhosted-is-installed-but-no-new-catalog-appears-a-structured-diagnosis","https://addons-stremio.com/forum/en/thread/4-comet-elfhosted-is-installed-but-no-new-catalog-appears-a-structured-diagnosis","en","question","true","Editorial note: this guide is published by the addons-stremio.com Community Team, not by an independent user or the addon developer.

Comet | ElfHosted is installed but no new catalog appears: a structured diagnosis

A missing catalog is not always a failed install: stream-only, metadata-only and subtitle addons can be working without creating a home-screen row.

Verified directory snapshot
- Version: 2.0.0
- Directory status: ONLINE
- Declared media types: movie, series, anime, other
- Directory categories: movies, tv-shows, anime, debrid, torrents
- Declared languages: multi
- Manifest resources: stream
- Catalog entries: 0
- Configuration page: available

Practical procedure
1. Use the configuration link only when it is listed; complete required choices before installing the resulting manifest.
2. Check the part of Stremio that matches the declared resource instead of assuming that every addon creates a catalog row.

For Comet | ElfHosted, the manifest currently exposes stream. Configuration is available. These two facts determine the correct installation path and the place where a result should be visible. They do not prove that every title, provider or region will return content.

This page uses the stored manifest and directory health data. It does not invent provider support, speed, availability or legal access, and the information can change when the developer updates the manifest.","Anime","https://addons-stremio.com/forum/en/category/anime","Comet | ElfHosted","https://addons-stremio.com/addon/comet","3","2026-08-28T17:24:10.160Z","2026-08-28T17:24:10.172Z","2026-08-28T17:24:10.159Z","de:https://addons-stremio.com/forum/de/thread/104-comet-elfhosted-ist-installiert-aber-kein-neuer-katalog-erscheint-systematische-diagnose|en:https://addons-stremio.com/forum/en/thread/4-comet-elfhosted-is-installed-but-no-new-catalog-appears-a-structured-diagnosis|es:https://addons-stremio.com/forum/es/thread/44-comet-elfhosted-esta-instalado-pero-no-aparece-un-catalogo-nuevo-diagnostico-ordenado|fr:https://addons-stremio.com/forum/fr/thread/84-comet-elfhosted-est-installe-mais-aucun-nouveau-catalogue-n-apparait-diagnostic-methodique|pt-br:https://addons-stremio.com/forum/pt-br/thread/64-comet-elfhosted-esta-instalado-mas-nenhum-catalogo-novo-aparece-diagnostico-pratico|ro:https://addons-stremio.com/forum/ro/thread/24-comet-elfhosted-este-instalat-dar-nu-apare-un-catalog-nou-diagnostic-pas-cu-pas","2026-08-28T17:24:10.167Z: Start with a reproducible baseline for Comet | ElfHosted. Record version 2.0.0, remove no settings yet, and verify the declared resources: stream. Restart Stremio, open one known title that matches a declared media type, and note whether the missing part is the catalog entry, metadata, subtitles or playable source. This keeps four different failures from being described as one vague “not working” problem.

2026-08-28T17:24:10.169Z: Comet | ElfHosted currently declares media types movie, series, anime, other and 0 catalog entries. Its configuration page is available. If a catalog is not declared, do not use the home-screen row as the only success test. If configuration is available, save the generated setup once and avoid installing several variants until the first one has been checked on the same account.

2026-08-28T17:24:10.171Z: For a useful follow-up about Comet | ElfHosted, include the device, Stremio client version, addon version, one content example and the exact observed resource. The directory status is ONLINE, while declared language coverage is multi; neither value guarantees a result for every item. Do not publish tokens, debrid keys, passwords or a personalized manifest URL in a forum reply."
"3","How to install Torrentio and verify exactly what it adds to Stremio","how-to-install-torrentio-and-verify-exactly-what-it-adds-to-stremio","https://addons-stremio.com/forum/en/thread/3-how-to-install-torrentio-and-verify-exactly-what-it-adds-to-stremio","en","discussion","true","Editorial note: this guide is published by the addons-stremio.com Community Team, not by an independent user or the addon developer.

How to install Torrentio and verify exactly what it adds to Stremio

The important part of an installation is not the button itself, but confirming which manifest resources became available in the account.

Verified directory snapshot
- Version: 0.0.15
- Directory status: ONLINE
- Declared media types: movie, series, anime, other
- Directory categories: movies, tv-shows, anime, debrid, torrents
- Declared languages: multi
- Manifest resources: stream
- Catalog entries: 0
- Configuration page: available

Practical procedure
1. Open the addon detail page and compare its current version and resources with the snapshot below.
2. Install while signed into the Stremio account used on the target device, then restart or refresh that client.

For Torrentio, the manifest currently exposes stream. Configuration is available. These two facts determine the correct installation path and the place where a result should be visible. They do not prove that every title, provider or region will return content.

This page uses the stored manifest and directory health data. It does not invent provider support, speed, availability or legal access, and the information can change when the developer updates the manifest.","Anime","https://addons-stremio.com/forum/en/category/anime","Torrentio","https://addons-stremio.com/addon/torrentio","3","2026-08-28T17:24:10.143Z","2026-08-28T17:24:10.143Z","2026-08-28T17:24:10.141Z","de:https://addons-stremio.com/forum/de/thread/103-torrentio-installieren-und-genau-prufen-was-das-addon-zu-stremio-hinzufugt|en:https://addons-stremio.com/forum/en/thread/3-how-to-install-torrentio-and-verify-exactly-what-it-adds-to-stremio|es:https://addons-stremio.com/forum/es/thread/43-como-instalar-torrentio-y-comprobar-exactamente-que-anade-a-stremio|fr:https://addons-stremio.com/forum/fr/thread/83-installer-torrentio-et-verifier-precisement-ce-qu-il-ajoute-a-stremio|pt-br:https://addons-stremio.com/forum/pt-br/thread/63-como-instalar-torrentio-e-confirmar-exatamente-o-que-ele-adiciona-ao-stremio|ro:https://addons-stremio.com/forum/ro/thread/23-cum-instalezi-torrentio-si-verifici-exact-ce-adauga-in-stremio","2026-08-28T17:24:10.151Z: Start with a reproducible baseline for Torrentio. Record version 0.0.15, remove no settings yet, and verify the declared resources: stream. Restart Stremio, open one known title that matches a declared media type, and note whether the missing part is the catalog entry, metadata, subtitles or playable source. This keeps four different failures from being described as one vague “not working” problem.

2026-08-28T17:24:10.153Z: Torrentio currently declares media types movie, series, anime, other and 0 catalog entries. Its configuration page is available. If a catalog is not declared, do not use the home-screen row as the only success test. If configuration is available, save the generated setup once and avoid installing several variants until the first one has been checked on the same account.

2026-08-28T17:24:10.155Z: For a useful follow-up about Torrentio, include the device, Stremio client version, addon version, one content example and the exact observed resource. The directory status is ONLINE, while declared language coverage is multi; neither value guarantees a result for every item. Do not publish tokens, debrid keys, passwords or a personalized manifest URL in a forum reply."
